customer_id,customer_name,email,registration_date,customer_type
1,Rahul Iyer,rahul.iyer1@yahoo.com,2025-02-24 01:00:38,REGULAR
2,Meera Iyer,meera.iyer2@mail.com,2023-12-09 10:37:19,REGULAR
3,Arjun Sharma,arjun.sharma3@yahoo.com,2024-10-18 12:12:24,REGULAR
4,Vikram Iyer,vikram.iyer4@outlook.com,2023-06-08 18:40:31,REGULAR
5,Sneha Menon,sneha.menon5@outlook.com,2025-07-26 20:32:16,REGULAR
6,Priya Joshi,priya.joshi6@gmail.com,2024-08-11 00:47:04,REGULAR
7,Neha Pillai,neha.pillai7@outlook.com,2025-06-15 21:14:53,REGULAR
8,Rahul Verma,rahul.verma8@yahoo.com,2024-03-25 13:09:54,VIP
9,Ananya Singh,ananya.singh9@gmail.com,2024-08-13 12:07:58,REGULAR
10,Deepak Menon,deepak.menon10@yahoo.com,2024-07-29 01:20:48,REGULAR
11,Shreya Mishra,shreya.mishra11@gmail.com,2025-08-04 06:02:59,REGULAR
12,Meera Singh,meera.singh12@yahoo.com,2024-12-19 02:18:35,REGULAR
13,Payal Chauhan,payal.chauhan13@yahoo.com,2025-11-29 12:16:09,REGULAR
14,Rajesh Verma,rajesh.verma14@yahoo.com,2023-02-19 20:47:01,PREMIUM
15,Karan Mishra,karan.mishra15@gmail.com,2023-11-24 18:00:37,VIP
16,Ajay Rao,ajay.rao16@yahoo.com,2025-10-15 04:31:28,REGULAR
17,Gaurav Joshi,gaurav.joshi17@yahoo.com,2024-02-16 11:26:54,REGULAR
18,Tanvi Chauhan,tanvi.chauhan18@outlook.com,2025-06-27 02:56:43,REGULAR
19,Ajay Kapoor,ajay.kapoor19@outlook.com,2023-12-07 16:52:13,VIP
20,Vikram Agarwal,vikram.agarwal20@mail.com,2023-05-22 05:20:54,PREMIUM
21,Ananya Gupta,ananya.gupta21@yahoo.com,2025-09-01 16:53:02,REGULAR
22,Shreya Chatterjee,shreya.chatterjee22@gmail.com,2024-08-20 17:09:54,REGULAR
23,Manoj Agarwal,manoj.agarwal23@outlook.com,2025-05-09 09:45:22,PREMIUM
24,Amit Gupta,amit.gupta24@outlook.com,2025-09-22 16:47:16,REGULAR
25,Neha Chatterjee,neha.chatterjee25@yahoo.com,2024-12-05 20:02:45,REGULAR
26,Tanvi Mishra,tanvi.mishra26@,2023-06-15 07:16:58,PREMIUM
27,Neha Agarwal,neha.agarwal27@yahoo.com,2023-08-26 10:15:39,REGULAR
28,Anita Chauhan,anita.chauhan28@gmail.com,2025-07-19 10:16:21,REGULAR
29,Amit Gupta,amit.gupta29@outlook.com,2024-04-22 16:57:27,REGULAR
30,Kavya Mehta,kavya.mehta30@gmail.com,2023-05-14 01:23:31,PREMIUM
31,Vivek Patel,vivek.patel31yahoo.com,2025-01-08 07:48:40,VIP
32,Anita Mishra,anita.mishra32@mail.com,2023-11-26 00:24:33,VIP
33,Rajesh Iyer,rajesh.iyer33outlook.com,2025-11-09 10:18:17,REGULAR
34,Manoj Agarwal,manoj.agarwal34@mail.com,2023-07-07 23:21:48,REGULAR
35,Rahul Rao,rahul.rao35@gmail.com,2025-07-02 21:44:19,REGULAR
36,Ajay Singh,ajay.singh36@gmail.com,2023-04-21 06:48:50,PREMIUM
37,Priya Singh,priya.singh37@gmail.com,2023-02-18 19:09:35,PREMIUM
38,Rahul Agarwal,rahul.agarwal38@yahoo.com,2024-03-08 14:23:05,PREMIUM
39,Rohan Chauhan,rohan.chauhan39@yahoo.com,2025-06-06 02:01:46,REGULAR
40,Kavya Bose,kavya.bose40@mail.com,2023-10-23 18:59:46,REGULAR
41,Shreya Chatterjee,shreya.chatterjee41@outlook.com,2024-10-20 00:09:20,REGULAR
42,Ananya Verma,ananya.verma42@gmail.com,2023-04-05 03:48:15,REGULAR
43,Suresh Gupta,suresh.gupta43@yahoo.com,2023-10-25 14:59:44,REGULAR
44,Manoj Reddy,manoj.reddy44@mail.com,2023-10-13 00:55:47,REGULAR
45,Kavya Patel,kavya.patel45@mail.com,2025-05-04 21:36:53,REGULAR
46,Deepak Chauhan,deepak.chauhan46@gmail.com,2023-05-25 21:05:17,VIP
47,Ananya Singh,ananya.singh47@yahoo.com,2024-09-23 08:12:51,REGULAR
48,Rohan Kapoor,rohan.kapoor48@gmail.com,2023-09-13 18:07:00,REGULAR
49,Karan Mishra,karan.mishra49@mail.com,2024-03-19 02:51:43,REGULAR
50,Tanvi Chauhan,tanvi.chauhan50@mail.com,2023-08-29 11:14:38,REGULAR
51,Rohan Verma,rohan.verma51@gmail.com,2024-05-02 04:02:05,REGULAR
52,Ajay Bose,ajay.bose52@yahoo.com,2023-03-30 08:37:27,VIP
53,Rahul Nair,rahul.nair53@gmail.com,2025-07-13 08:31:00,REGULAR
54,Ananya Singh,ananya.singh54@mail.com,2023-07-06 05:41:48,VIP
55,Ajay Singh,ajay.singh55@gmail.com,2025-08-20 04:12:59,REGULAR
56,Shreya Mehta,shreya.mehta56@outlook.com,2024-02-10 02:02:59,REGULAR
57,Nikhil Rao,nikhil.rao57@yahoo.com,2024-02-17 14:49:36,REGULAR
58,Shreya Das,shreya.das58@mail.com,2024-05-06 03:56:24,VIP
59,Payal Patel,payal.patel59@gmail.com,2024-12-12 22:07:21,REGULAR
60,Ajay Gupta,ajay.gupta60@gmail.com,2025-04-15 04:27:48,REGULAR
61,Arjun Reddy,arjun.reddy61@outlook.com,2023-04-17 20:43:33,PREMIUM
62,Divya Das,divya.das62@yahoo.com,2024-11-11 16:42:17,PREMIUM
63,Nikhil Das,nikhil.das63@gmail.com,2025-11-03 11:44:41,PREMIUM
64,Neha Gupta,neha.gupta64@yahoo.com,2024-02-15 20:00:15,REGULAR
65,Sneha Chauhan,sneha.chauhan65@yahoo.com,2024-02-28 01:52:38,REGULAR
66,Rohan Rao,rohan.rao66@yahoo.com,2025-09-12 06:06:17,PREMIUM
67,Sanjay Bose,sanjay.bose67@outlook.com,2023-03-20 21:55:12,REGULAR
68,Pooja Mishra,pooja.mishra68@gmail.com,2023-01-06 12:11:34,REGULAR
69,Vikram Mishra,vikram.mishra69@yahoo.com,2024-11-17 08:49:18,REGULAR
70,Pooja Chauhan,pooja.chauhan70@gmail.com,2023-06-23 18:57:38,REGULAR
71,Gaurav Reddy,gaurav.reddy71@gmail.com,2024-07-27 13:22:10,REGULAR
72,Vikram Chatterjee,vikram.chatterjee72@yahoo.com,2023-03-06 23:29:34,REGULAR
73,Gaurav Verma,gaurav.verma73@outlook.com,2023-11-23 08:13:15,PREMIUM
74,Shreya Gupta,shreya.gupta74@outlook.com,2025-05-19 17:58:13,PREMIUM
75,Pooja Pillai,pooja.pillai75@yahoo.com,2024-01-03 18:12:26,PREMIUM
76,Swati Nair,swati.nair76@mail.com,2023-02-08 12:06:09,REGULAR
77,Payal Rao,payal.rao77@mail.com,2025-11-06 15:56:52,PREMIUM
78,Swati Singh,swati.singh78@outlook.com,2023-09-05 07:19:32,PREMIUM
79,Sneha Kapoor,sneha.kapoor79@gmail.com,2025-01-01 04:35:45,REGULAR
80,Vivek Joshi,vivek.joshi80@outlook.com,2024-04-19 02:20:24,PREMIUM
81,Ananya Singh,ananya.singh81@yahoo.com,2023-02-06 18:16:26,PREMIUM
82,Karan Rao,karan.rao82@outlook.com,2023-04-18 20:11:35,VIP
83,Arjun Menon,arjun.menon83@mail.com,2025-11-21 14:16:17,VIP
84,Meera Rao,meera.rao84@gmail.com,2023-06-29 04:15:07,PREMIUM
85,Arjun Nair,arjun.nair85@outlook.com,2023-03-01 10:19:54,REGULAR
86,Pooja Menon,pooja.menon86@outlook.com,2024-11-08 21:56:35,REGULAR
87,Sanjay Gupta,sanjay.gupta87@mail.com,2025-06-14 16:45:37,REGULAR
88,Priya Chatterjee,priya.chatterjee88@gmail.com,2025-03-18 16:02:07,VIP
89,Meera Iyer,meera.iyer89@outlook.com,2024-10-31 23:55:57,REGULAR
90,Shreya Rao,shreya.rao90@,2023-07-13 14:22:06,PREMIUM
91,Neha Agarwal,neha.agarwal91@outlook.com,2025-11-01 23:34:10,REGULAR
92,Karan Das,karan.das92@yahoo.com,2023-10-26 00:19:01,REGULAR
93,Karan Nair,karan.nair93@outlook.com,2024-09-22 19:34:46,REGULAR
94,Amit Das,amit.das94@outlook.com,2023-11-23 12:10:42,REGULAR
95,Ajay Pillai,ajay.pillai95@outlook.com,2024-12-23 08:00:58,REGULAR
96,Shreya Iyer,shreya.iyer96@mail.com,2023-09-21 14:33:13,PREMIUM
97,Neha Agarwal,neha.agarwal97@outlook.com,2023-05-26 01:43:37,PREMIUM
98,Rajesh Singh,rajesh.singh98@outlook.com,2023-12-15 23:12:39,PREMIUM
99,Vikram Sharma,vikram.sharma99@gmail.com,2024-01-16 08:23:29,VIP
100,Isha Patel,isha.patel100@mail.com,2024-10-05 19:28:50,PREMIUM
101,Ajay Iyer,ajay.iyer101@mail.com,2025-02-06 23:43:00,REGULAR
102,Vikram Sharma,vikram.sharma102@gmail.com,2024-10-22 10:35:56,REGULAR
103,Swati Agarwal,swati.agarwal103@mail.com,2023-03-20 00:16:37,REGULAR
104,Payal Gupta,payal.gupta104@mail.com,2023-07-27 03:14:31,PREMIUM
105,Shreya Agarwal,shreya.agarwal105@,2024-11-18 12:19:59,REGULAR
106,Tanvi Agarwal,tanvi.agarwal106@mail.com,2025-05-01 02:08:48,REGULAR
107,Anita Bose,anita.bose107@mail.com,2024-02-07 15:21:40,PREMIUM
108,Vivek Mishra,vivek.mishra108@mail.com,2025-08-31 14:52:31,REGULAR
109,Manoj Patel,manoj.patel109@outlook.com,2023-12-31 06:33:15,REGULAR
110,Suresh Chauhan,suresh.chauhan110@gmail.com,2023-08-03 22:57:32,REGULAR
111,Karan Reddy,karan.reddy111@yahoo.com,2023-04-10 18:37:30,REGULAR
112,Suresh Chauhan,suresh.chauhan112@mail.com,2024-10-07 21:11:13,REGULAR
113,Vivek Chatterjee,vivek.chatterjee113@mail.com,2025-06-26 08:03:31,VIP
114,Amit Mehta,amit.mehta114@mail.com,2025-01-10 23:05:36,REGULAR
115,Divya Das,divya.das115@,2024-10-12 22:14:44,REGULAR
116,Tanvi Chauhan,tanvi.chauhan116@yahoo.com,2025-01-28 10:30:51,REGULAR
117,Pooja Bose,pooja.bose117@gmail.com,2024-08-27 01:38:50,REGULAR
118,Shreya Kapoor,shreya.kapoor118@yahoo.com,2024-12-27 01:34:03,VIP
119,Isha Chauhan,isha.chauhan119@gmail.com,2024-09-04 02:08:23,REGULAR
120,Shreya Sharma,shreya.sharma120@gmail.com,2025-09-25 11:26:37,REGULAR
121,Ananya Joshi,ananya.joshi121@yahoo.com,2023-03-20 02:44:49,REGULAR
122,Suresh Iyer,suresh.iyer122@mail.com,2024-05-22 17:41:41,REGULAR
123,Gaurav Kapoor,gaurav.kapoor123@outlook.com,2024-10-16 21:04:33,REGULAR
124,Rahul Bose,rahul.bose124@gmail.com,2025-04-17 22:59:59,REGULAR
125,Divya Singh,divya.singh125@gmail.com,2025-10-09 11:10:29,REGULAR
126,Amit Singh,amit.singh126@yahoo.com,2023-02-01 15:49:19,REGULAR
127,Kavya Reddy,kavya.reddy127@mail.com,2025-11-05 23:14:05,REGULAR
128,Rohan Joshi,rohan.joshi128@outlook.com,2024-07-27 01:24:32,REGULAR
129,Isha Gupta,isha.gupta129@yahoo.com,2024-04-28 04:22:17,REGULAR
130,Amit Das,amit.das130@mail.com,2024-09-08 04:20:57,VIP
131,Rohan Patel,rohan.patel131@yahoo.com,2023-06-08 07:09:21,PREMIUM
132,Neha Pillai,neha.pillai132@gmail.com,2025-05-29 03:29:41,PREMIUM
133,Divya Chauhan,divya.chauhan133@mail.com,2025-10-24 15:18:11,REGULAR
134,Sanjay Rao,sanjay.rao134@gmail.com,2024-10-14 12:55:29,PREMIUM
135,Sneha Chatterjee,sneha.chatterjee135@outlook.com,2025-09-14 08:19:48,PREMIUM
136,Manoj Reddy,manoj.reddy136@mail.com,2023-10-01 14:51:42,PREMIUM
137,Deepak Mishra,deepak.mishra137@mail.com,2024-12-23 03:45:01,REGULAR
138,Tanvi Mehta,tanvi.mehta138@outlook.com,2024-05-15 16:23:08,PREMIUM
139,Vivek Patel,vivek.patel139@outlook.com,2024-12-01 07:07:00,REGULAR
140,Manoj Mehta,manoj.mehta140@mail.com,2024-06-06 13:46:30,REGULAR
141,Ananya Rao,ananya.rao141@yahoo.com,2025-01-27 09:10:44,REGULAR
142,Swati Mishra,swati.mishra142@outlook.com,2024-03-10 10:25:26,PREMIUM
143,Nikhil Mishra,nikhil.mishra143@,2023-10-24 19:05:59,REGULAR
144,Tanvi Chatterjee,tanvi.chatterjee144@mail.com,2025-05-12 10:28:09,PREMIUM
145,Nikhil Bose,nikhil.bose145@mail.com,2024-11-27 05:09:29,PREMIUM
146,Rahul Das,rahul.das146@yahoo.com,2024-09-20 05:10:00,PREMIUM
147,Neha Mehta,neha.mehta147@outlook.com,2025-01-05 04:25:47,REGULAR
148,Divya Chatterjee,divya.chatterjee148@outlook.com,2024-06-30 12:26:49,PREMIUM
149,Arjun Das,arjun.das149@outlook.com,2023-12-25 03:04:52,REGULAR
150,Rohan Rao,rohan.rao150@gmail.com,2025-04-12 10:27:23,VIP
151,Nikhil Nair,nikhil.nair151@yahoo.com,2023-12-03 03:24:14,PREMIUM
152,Arjun Mehta,arjun.mehta152@outlook.com,2023-06-06 03:53:05,PREMIUM
153,Neha Singh,neha.singh153@outlook.com,2023-10-06 18:03:56,REGULAR
154,Nikhil Chauhan,nikhil.chauhan154@yahoo.com,2024-03-02 03:04:03,REGULAR
155,Priya Chauhan,priya.chauhan155@outlook.com,2023-07-16 04:02:26,REGULAR
156,Rajesh Bose,rajesh.bose156@gmail.com,2023-01-20 01:17:14,REGULAR
157,Ritu Bose,ritu.bose157@mail.com,2024-06-13 06:26:16,REGULAR
158,Priya Mishra,priya.mishra158@mail.com,2023-06-27 05:28:36,PREMIUM
159,Karan Bose,karan.bose159@gmail.com,2025-06-15 08:54:28,REGULAR
160,Priya Reddy,priya.reddy160@yahoo.com,2025-05-24 08:10:51,VIP
161,Rahul Singh,rahul.singh161@gmail.com,2025-05-16 22:28:14,PREMIUM
162,Isha Pillai,isha.pillai162@yahoo.com,2025-03-22 18:54:58,REGULAR
163,Payal Joshi,payal.joshi163@outlook.com,2025-07-03 05:48:26,VIP
164,Neha Mehta,neha.mehta164@gmail.com,2025-08-05 00:41:15,VIP
165,Sneha Iyer,sneha.iyer165@yahoo.com,2024-02-16 02:43:21,PREMIUM
166,Anita Singh,anita.singh166@yahoo.com,2025-05-07 11:45:45,REGULAR
167,Amit Chatterjee,amit.chatterjee167@mail.com,2025-07-11 10:53:09,REGULAR
168,Priya Singh,priya.singh168@outlook.com,2024-03-15 04:30:17,PREMIUM
169,Manoj Patel,manoj.patel169@yahoo.com,2024-02-15 23:18:40,PREMIUM
170,Deepak Mehta,deepak.mehta170@yahoo.com,2024-10-22 10:19:46,REGULAR
171,Kavya Reddy,kavya.reddy171@outlook.com,2023-08-09 22:57:11,REGULAR
172,Anita Das,anita.das172@outlook.com,2024-11-13 04:49:38,REGULAR
173,Nikhil Das,nikhil.das173@mail.com,2024-02-27 22:04:25,REGULAR
174,Ritu Joshi,ritu.joshi174@gmail.com,2025-07-18 00:25:22,REGULAR
175,Pooja Rao,pooja.rao175@outlook.com,2023-02-10 04:18:47,REGULAR
176,Shreya Mehta,shreya.mehta176@gmail.com,2025-11-10 08:28:26,PREMIUM
177,Ajay Verma,ajay.verma177@yahoo.com,2024-12-31 21:32:31,REGULAR
178,Manoj Mishra,manoj.mishra178@yahoo.com,2025-06-28 06:40:12,REGULAR
179,Vivek Bose,vivek.bose179@gmail.com,2024-12-31 03:15:27,REGULAR
180,Suresh Rao,suresh.rao180@gmail.com,2023-09-07 19:59:06,REGULAR
181,Nikhil Bose,nikhil.bose181@outlook.com,2025-10-26 06:54:16,VIP
182,Vivek Chauhan,vivek.chauhan182@gmail.com,2024-12-07 13:08:20,REGULAR
183,Arjun Rao,arjun.rao183@gmail.com,2024-09-19 20:44:17,PREMIUM
184,Vivek Sharma,vivek.sharma184@mail.com,2024-10-03 22:59:10,REGULAR
185,Sanjay Menon,sanjay.menon185@mail.com,2025-08-29 12:55:40,REGULAR
186,Priya Iyer,priya.iyer186@outlook.com,2025-05-03 04:23:32,REGULAR
187,Neha Joshi,neha.joshi187@mail.com,2023-07-08 15:05:33,REGULAR
188,Deepak Pillai,deepak.pillai188@yahoo.com,2023-09-04 00:45:57,REGULAR
189,Amit Chauhan,amit.chauhan189@mail.com,2023-05-25 19:05:27,REGULAR
190,Vivek Gupta,vivek.gupta190@mail.com,2023-07-02 11:27:19,REGULAR
191,Vikram Bose,vikram.bose191@outlook.com,2025-03-01 12:07:25,PREMIUM
192,Pooja Bose,pooja.bose192@mail.com,2024-01-14 14:56:48,REGULAR
193,Vikram Kapoor,vikram.kapoor193@yahoo.com,2025-07-20 02:24:59,REGULAR
194,Gaurav Reddy,gaurav.reddy194@gmail.com,2024-03-05 03:14:58,PREMIUM
195,Ananya Chatterjee,ananya.chatterjee195@outlook.com,2025-02-27 17:49:57,REGULAR
196,Amit Das,amit.das196@outlook.com,2025-06-30 18:37:27,REGULAR
197,Shreya Bose,shreya.bose197@yahoo.com,2024-11-24 16:29:36,REGULAR
198,Divya Rao,divya.rao198@mail.com,2024-12-08 08:28:39,VIP
199,Ananya Iyer,ananya.iyer199@yahoo.com,2025-06-07 06:09:40,REGULAR
200,Ananya Chatterjee,ananya.chatterjee200@gmail.com,2024-05-09 06:28:23,PREMIUM
201,Nikhil Kapoor,nikhil.kapoor201@mail.com,2025-10-28 00:06:46,PREMIUM
202,Deepak Reddy,deepak.reddy202@mail.com,2023-02-27 12:11:28,REGULAR
203,Ajay Rao,ajay.rao203@gmail.com,2024-11-14 23:48:19,REGULAR
204,Payal Joshi,payal.joshi204@gmail.com,2023-08-12 22:30:12,REGULAR
205,Deepak Reddy,deepak.reddy205@gmail.com,2024-12-30 07:52:41,PREMIUM
206,Arjun Rao,arjun.rao206@mail.com,2025-10-06 11:39:59,REGULAR
207,Suresh Chauhan,suresh.chauhan207@mail.com,2024-05-06 21:59:00,REGULAR
208,Gaurav Bose,gaurav.bose208@gmail.com,2025-08-17 04:33:26,REGULAR
209,Deepak Das,deepak.das209@yahoo.com,2023-05-21 09:35:08,REGULAR
210,Sneha Gupta,sneha.gupta210@mail.com,2023-09-16 10:31:43,PREMIUM
211,Gaurav Sharma,gaurav.sharma211@gmail.com,2024-05-18 21:33:50,PREMIUM
212,Neha Menon,neha.menon212@outlook.com,2024-10-31 01:10:02,REGULAR
213,Sanjay Chatterjee,sanjay.chatterjee213@yahoo.com,2023-09-22 01:26:59,REGULAR
214,Isha Kapoor,isha.kapoor214@yahoo.com,2025-02-12 02:22:47,VIP
215,Vikram Singh,vikram.singh215@mail.com,2025-09-17 22:48:30,REGULAR
216,Arjun Sharma,arjun.sharma216@mail.com,2024-03-22 19:41:08,PREMIUM
217,Anita Patel,anita.patel217@mail.com,2024-06-20 19:37:12,VIP
218,Neha Chatterjee,neha.chatterjee218@outlook.com,2024-12-10 16:04:24,PREMIUM
219,Rohan Kapoor,rohan.kapoor219@mail.com,2023-06-15 16:19:19,REGULAR
220,Ajay Menon,ajay.menon220@outlook.com,2024-04-03 15:00:01,REGULAR
221,Vivek Kapoor,vivek.kapoor221@outlook.com,2023-01-13 13:54:50,REGULAR
222,Shreya Verma,shreya.verma222@mail.com,2024-03-20 14:05:28,PREMIUM
223,Kavya Pillai,kavya.pillai223@outlook.com,2023-12-07 05:04:51,REGULAR
224,Isha Mishra,isha.mishra224@yahoo.com,2025-09-02 22:47:13,REGULAR
225,Deepak Verma,deepak.verma225@outlook.com,2024-11-15 19:04:47,REGULAR
226,Divya Reddy,divya.reddy226@gmail.com,2024-04-03 10:30:54,REGULAR
227,Pooja Nair,pooja.nair227@yahoo.com,2023-07-25 07:16:27,PREMIUM
228,Gaurav Menon,gaurav.menon228@outlook.com,2023-09-13 14:39:38,REGULAR
229,Vivek Bose,vivek.bose229@,2024-06-10 04:13:11,PREMIUM
230,Manoj Patel,manoj.patel230@yahoo.com,2023-12-17 11:31:31,PREMIUM
231,Tanvi Kapoor,tanvi.kapoor231@outlook.com,2023-05-21 06:44:06,PREMIUM
232,Amit Mishra,amit.mishra232@gmail.com,2024-12-07 11:39:07,REGULAR
233,Tanvi Mishra,tanvi.mishra233@mail.com,2025-09-18 22:50:31,VIP
234,Sneha Singh,sneha.singh234@mail.com,2023-02-08 20:59:11,REGULAR
235,Meera Rao,meera.rao235@yahoo.com,2025-10-03 02:13:51,REGULAR
236,Vivek Joshi,vivek.joshi236@outlook.com,2025-10-05 13:24:03,REGULAR
237,Vikram Verma,vikram.verma237@gmail.com,2024-04-17 19:32:02,VIP
238,Sneha Gupta,sneha.gupta238@yahoo.com,2025-04-15 01:11:24,REGULAR
239,Manoj Menon,manoj.menon239@mail.com,2025-07-01 09:38:06,PREMIUM
240,Vikram Chatterjee,vikram.chatterjee240@gmail.com,2025-01-30 04:10:47,REGULAR
241,Arjun Verma,arjun.verma241@outlook.com,2023-12-04 12:24:03,REGULAR
242,Kavya Menon,kavya.menon242@gmail.com,2024-07-24 15:14:23,REGULAR
243,Deepak Menon,deepak.menon243@gmail.com,2024-09-10 11:43:18,REGULAR
244,Sneha Joshi,sneha.joshi244@gmail.com,2025-10-26 13:48:34,REGULAR
245,Deepak Pillai,deepak.pillai245@gmail.com,2023-03-20 13:42:12,PREMIUM
246,Kavya Reddy,kavya.reddy246@yahoo.com,2023-04-17 13:58:18,PREMIUM
247,Meera Iyer,meera.iyer247@yahoo.com,2023-12-28 22:49:13,REGULAR
248,Vikram Pillai,vikram.pillai248@gmail.com,2024-03-06 17:33:19,PREMIUM
249,Vikram Reddy,vikram.reddy249@outlook.com,2023-09-29 01:43:27,REGULAR
250,Ananya Sharma,ananya.sharma250@yahoo.com,2023-01-24 02:01:59,REGULAR
251,Swati Singh,swati.singh251outlook.com,2024-02-17 05:37:04,REGULAR
252,Tanvi Chatterjee,tanvi.chatterjee252@gmail.com,2023-04-09 17:36:55,REGULAR
253,Rajesh Menon,rajesh.menon253@gmail.com,2024-12-03 03:59:00,REGULAR
254,Isha Verma,isha.verma254@outlook.com,2024-12-12 13:03:46,REGULAR
255,Amit Verma,amit.verma255@mail.com,2024-09-15 21:22:35,REGULAR
256,Sneha Bose,sneha.bose256@mail.com,2023-04-25 03:55:56,PREMIUM
257,Suresh Pillai,suresh.pillai257@yahoo.com,2023-04-13 00:48:40,REGULAR
258,Isha Mehta,isha.mehta258@outlook.com,2024-08-14 17:08:42,VIP
259,Sanjay Das,sanjay.das259@mail.com,2025-02-24 08:18:36,REGULAR
260,Sneha Gupta,sneha.gupta260@yahoo.com,2024-10-30 02:10:10,REGULAR
261,Kavya Chatterjee,kavya.chatterjee261@outlook.com,2024-12-05 11:39:52,REGULAR
262,Tanvi Gupta,tanvi.gupta262@outlook.com,2024-10-24 22:54:55,REGULAR
263,Arjun Menon,arjun.menon263@yahoo.com,2025-01-06 17:59:18,REGULAR
264,Vivek Patel,vivek.patel264@gmail.com,2024-11-01 21:31:25,REGULAR
265,Tanvi Menon,tanvi.menon265@yahoo.com,2025-05-14 07:00:16,REGULAR
266,Meera Chauhan,meera.chauhan266@outlook.com,2025-11-06 19:54:18,REGULAR
267,Divya Chatterjee,divya.chatterjee267@gmail.com,2024-03-22 19:36:05,REGULAR
268,Divya Gupta,divya.gupta268@yahoo.com,2023-08-29 08:45:32,PREMIUM
269,Kavya Gupta,kavya.gupta269@outlook.com,2025-05-14 03:04:48,REGULAR
270,Rajesh Mishra,rajesh.mishra270@yahoo.com,2024-10-28 14:28:12,PREMIUM
271,Rajesh Pillai,rajesh.pillai271@gmail.com,2025-08-04 00:58:33,VIP
272,Vivek Mishra,vivek.mishra272@gmail.com,2023-10-08 06:23:55,REGULAR
273,Rajesh Das,rajesh.das273@outlook.com,2024-06-29 07:06:06,REGULAR
274,Ananya Reddy,ananya.reddy274@mail.com,2023-04-19 02:19:57,REGULAR
275,Deepak Sharma,deepak.sharma275@gmail.com,2025-04-04 01:49:41,REGULAR
276,Pooja Joshi,pooja.joshi276@outlook.com,2023-09-02 12:38:35,REGULAR
277,Tanvi Rao,tanvi.rao277@gmail.com,2023-03-23 17:23:57,REGULAR
278,Rajesh Pillai,rajesh.pillai278@gmail.com,2025-11-12 23:22:29,REGULAR
279,Manoj Chatterjee,manoj.chatterjee279@mail.com,2025-08-01 01:26:02,REGULAR
280,Arjun Iyer,arjun.iyer280@gmail.com,2024-06-20 04:58:36,REGULAR
281,Neha Mehta,neha.mehta281@mail.com,2025-03-29 13:31:38,PREMIUM
282,Priya Singh,priya.singh282@,2023-03-27 02:25:10,REGULAR
283,Neha Iyer,neha.iyer283@yahoo.com,2024-02-01 22:27:27,REGULAR
284,Sneha Sharma,sneha.sharma284@mail.com,2024-10-30 23:58:57,REGULAR
285,Karan Chauhan,karan.chauhan285@yahoo.com,2025-02-16 03:07:55,REGULAR
286,Shreya Menon,shreya.menon286@gmail.com,2024-09-08 19:53:10,PREMIUM
287,Priya Chatterjee,priya.chatterjee287@gmail.com,2024-12-15 04:52:50,VIP
288,Ananya Rao,ananya.rao288@mail.com,2025-06-09 17:53:22,REGULAR
289,Deepak Chatterjee,deepak.chatterjee289@outlook.com,2023-06-28 21:58:28,REGULAR
290,Suresh Nair,suresh.nair290@mail.com,2024-07-16 02:50:46,REGULAR
291,Ananya Gupta,ananya.gupta291@yahoo.com,2024-11-07 19:11:53,REGULAR
292,Sanjay Patel,sanjay.patel292@mail.com,2024-04-26 23:52:26,PREMIUM
293,Kavya Rao,kavya.rao293@yahoo.com,2023-04-29 15:37:46,REGULAR
294,Sneha Agarwal,sneha.agarwal294@yahoo.com,2024-06-26 17:39:14,REGULAR
295,Vivek Reddy,vivek.reddy295@yahoo.com,2023-06-09 16:49:50,REGULAR
296,Rohan Nair,rohan.nair296@yahoo.com,2025-10-15 07:08:50,REGULAR
297,Rajesh Bose,rajesh.bose297@mail.com,2025-05-25 17:34:55,PREMIUM
298,Manoj Mehta,manoj.mehta298@outlook.com,2025-09-01 08:21:35,REGULAR
299,Manoj Patel,manoj.patel299@mail.com,2024-11-17 22:42:41,REGULAR
300,Swati Mishra,swati.mishra300@gmail.com,2024-06-30 17:21:25,REGULAR
301,Neha Joshi,neha.joshi301@mail.com,2023-02-28 10:05:59,REGULAR
302,Vivek Das,vivek.das302@gmail.com,2025-09-28 10:54:28,PREMIUM
303,Ananya Patel,ananya.patel303@mail.com,2024-12-19 19:08:27,REGULAR
304,Swati Verma,swati.verma304@mail.com,2025-06-07 00:54:21,PREMIUM
305,Suresh Pillai,suresh.pillai305@mail.com,2025-02-17 20:19:40,REGULAR
306,Priya Joshi,priya.joshi306@gmail.com,2024-06-17 12:17:17,VIP
307,Rahul Agarwal,rahul.agarwal307@yahoo.com,2023-03-02 19:19:27,REGULAR
308,Manoj Joshi,manoj.joshi308@yahoo.com,2024-07-19 07:05:57,REGULAR
309,Neha Kapoor,neha.kapoor309@mail.com,2024-06-09 15:14:29,PREMIUM
310,Priya Rao,priya.rao310@gmail.com,2024-05-27 03:45:44,REGULAR
311,Shreya Kapoor,shreya.kapoor311@outlook.com,2024-01-27 11:05:01,PREMIUM
312,Shreya Pillai,shreya.pillai312@yahoo.com,2024-06-01 20:38:15,REGULAR
313,Shreya Reddy,shreya.reddy313@outlook.com,2024-04-26 22:16:38,VIP
314,Nikhil Kapoor,nikhil.kapoor314@yahoo.com,2025-07-13 08:44:41,PREMIUM
315,Rahul Das,rahul.das315@mail.com,2025-09-26 15:10:03,PREMIUM
316,Vivek Reddy,vivek.reddy316@gmail.com,2025-09-30 13:33:03,PREMIUM
317,Sanjay Menon,sanjay.menon317@gmail.com,2024-07-17 06:37:15,REGULAR
318,Rohan Rao,rohan.rao318@mail.com,2023-10-26 06:28:26,REGULAR
319,Vikram Reddy,vikram.reddy319@gmail.com,2024-04-04 11:55:43,PREMIUM
320,Sneha Agarwal,sneha.agarwal320@gmail.com,2025-10-25 06:30:38,REGULAR
321,Rajesh Pillai,rajesh.pillai321@yahoo.com,2025-07-16 18:57:40,REGULAR
322,Anita Nair,anita.nair322@yahoo.com,2024-11-10 21:38:50,REGULAR
323,Divya Singh,divya.singh323@mail.com,2025-08-06 12:38:50,REGULAR
324,Tanvi Joshi,tanvi.joshi324@yahoo.com,2025-04-09 13:22:43,REGULAR
325,Swati Bose,swati.bose325@yahoo.com,2024-07-25 10:06:17,PREMIUM
326,Ajay Joshi,ajay.joshi326@mail.com,2024-03-13 17:12:41,PREMIUM
327,Sanjay Agarwal,sanjay.agarwal327@mail.com,2023-09-09 17:57:59,PREMIUM
328,Swati Pillai,swati.pillai328@yahoo.com,2024-01-24 08:47:43,REGULAR
329,Ritu Menon,ritu.menon329@gmail.com,2025-03-12 10:29:45,PREMIUM
330,Neha Patel,neha.patel330@yahoo.com,2024-02-28 18:23:48,REGULAR
331,Sanjay Reddy,sanjay.reddy331@mail.com,2023-05-23 11:19:46,VIP
332,Kavya Joshi,kavya.joshi332@outlook.com,2023-02-11 10:20:12,REGULAR
333,Karan Agarwal,karan.agarwal333@outlook.com,2024-01-02 06:26:37,REGULAR
334,Rahul Menon,rahul.menon334@yahoo.com,2023-02-13 18:54:28,REGULAR
335,Sneha Rao,sneha.rao335@yahoo.com,2023-08-02 18:05:04,REGULAR
336,Payal Bose,payal.bose336@yahoo.com,2024-12-29 17:41:35,REGULAR
337,Amit Patel,amit.patel337@gmail.com,2024-02-02 13:32:08,REGULAR
338,Vikram Chauhan,vikram.chauhan338@mail.com,2023-06-22 17:20:47,PREMIUM
339,Kavya Das,kavya.das339@gmail.com,2023-03-16 04:13:42,REGULAR
340,Deepak Pillai,deepak.pillai340@mail.com,2023-04-08 13:37:13,REGULAR
341,Gaurav Bose,gaurav.bose341@gmail.com,2025-09-08 16:59:16,REGULAR
342,Kavya Reddy,kavya.reddy342@outlook.com,2024-10-28 19:11:09,REGULAR
343,Divya Singh,divya.singh343@mail.com,2023-10-18 23:34:07,PREMIUM
344,Rahul Agarwal,rahul.agarwal344@outlook.com,2023-04-16 03:16:04,VIP
345,Meera Agarwal,meera.agarwal345@gmail.com,2024-08-29 13:10:12,PREMIUM
346,Priya Kapoor,priya.kapoor346@outlook.com,2024-01-30 00:46:01,PREMIUM
347,Divya Patel,divya.patel347@outlook.com,2024-01-10 13:49:33,PREMIUM
348,Deepak Gupta,deepak.gupta348@outlook.com,2023-07-27 05:52:12,REGULAR
349,Meera Rao,meera.rao349@yahoo.com,2025-11-29 14:48:58,REGULAR
350,Nikhil Bose,nikhil.bose350@yahoo.com,2023-07-29 11:40:07,REGULAR
351,Rajesh Joshi,rajesh.joshi351@gmail.com,2024-03-31 20:19:55,REGULAR
352,Swati Iyer,swati.iyer352@gmail.com,2024-05-05 06:15:53,VIP
353,Sanjay Kapoor,sanjay.kapoor353@mail.com,2024-01-29 12:13:18,REGULAR
354,Deepak Iyer,deepak.iyer354@outlook.com,2024-07-08 12:57:42,PREMIUM
355,Priya Rao,priya.rao355@outlook.com,2023-07-13 08:45:52,PREMIUM
356,Pooja Kapoor,pooja.kapoor356@mail.com,2024-08-23 15:09:42,REGULAR
357,Anita Bose,anita.bose357@mail.com,2024-07-24 15:41:09,VIP
358,Sanjay Mishra,sanjay.mishra358@gmail.com,2024-10-21 10:29:40,REGULAR
359,Isha Nair,isha.nair359@outlook.com,2024-05-13 23:37:48,REGULAR
360,Suresh Das,suresh.das360@outlook.com,2024-11-23 16:56:40,REGULAR
361,Pooja Nair,pooja.nair361@mail.com,2024-06-30 02:37:17,REGULAR
362,Tanvi Menon,tanvi.menon362@mail.com,2024-03-02 12:09:56,REGULAR
363,Swati Verma,swati.verma363@gmail.com,2025-11-08 15:32:56,REGULAR
364,Divya Agarwal,divya.agarwal364@yahoo.com,2023-02-18 09:00:23,REGULAR
365,Isha Joshi,isha.joshi365@gmail.com,2023-07-16 02:11:47,REGULAR
366,Rajesh Menon,rajesh.menon366@outlook.com,2024-08-17 17:50:47,VIP
367,Priya Pillai,priya.pillai367@yahoo.com,2025-11-20 21:16:06,REGULAR
368,Divya Menon,divya.menon368@mail.com,2023-04-30 10:29:47,REGULAR
369,Sanjay Menon,sanjay.menon369@mail.com,2024-05-03 09:08:19,REGULAR
370,Kavya Gupta,kavya.gupta370@gmail.com,2023-10-17 00:22:26,REGULAR
371,Karan Chauhan,karan.chauhan371@gmail.com,2024-02-11 15:44:30,PREMIUM
372,Nikhil Joshi,nikhil.joshi372@yahoo.com,2025-08-08 12:26:05,REGULAR
373,Payal Bose,payal.bose373@yahoo.com,2023-07-10 12:15:16,REGULAR
374,Rahul Joshi,rahul.joshi374@yahoo.com,2024-11-22 10:56:52,VIP
375,Swati Rao,swati.rao375@outlook.com,2023-04-11 21:06:15,REGULAR
376,Neha Das,neha.das376@yahoo.com,2025-09-17 15:10:48,REGULAR
377,Divya Agarwal,divya.agarwal377@yahoo.com,2023-07-08 12:43:12,VIP
378,Swati Reddy,swati.reddy378@yahoo.com,2025-02-06 10:28:22,REGULAR
379,Meera Mehta,meera.mehta379@outlook.com,2024-12-27 02:09:09,PREMIUM
380,Meera Reddy,meera.reddy380@gmail.com,2023-04-13 03:16:01,REGULAR
381,Nikhil Bose,nikhil.bose381@mail.com,2024-09-28 00:47:17,PREMIUM
382,Rahul Reddy,rahul.reddy382@outlook.com,2025-09-24 20:07:06,REGULAR
383,Manoj Agarwal,manoj.agarwal383@outlook.com,2023-07-19 08:39:39,PREMIUM
384,Rajesh Chauhan,rajesh.chauhan384@yahoo.com,2023-07-20 10:41:50,REGULAR
385,Payal Verma,payal.verma385@gmail.com,2025-03-15 20:14:51,REGULAR
386,Anita Nair,anita.nair386@outlook.com,2023-12-17 06:08:29,REGULAR
387,Sanjay Das,sanjay.das387@gmail.com,2024-01-25 07:14:35,REGULAR
388,Meera Mishra,meera.mishra388@yahoo.com,2025-08-28 22:31:21,REGULAR
389,Meera Patel,meera.patel389@yahoo.com,2025-07-08 08:13:04,VIP
390,Vikram Nair,vikram.nair390@outlook.com,2025-05-25 13:12:12,REGULAR
391,Ananya Sharma,ananya.sharma391@gmail.com,2023-03-12 14:56:19,VIP
392,Rajesh Mehta,rajesh.mehta392@outlook.com,2025-10-08 11:53:06,REGULAR
393,Ajay Chatterjee,ajay.chatterjee393@gmail.com,2025-02-12 16:12:16,PREMIUM
394,Meera Das,meera.das394@outlook.com,2025-01-20 05:29:16,REGULAR
395,Swati Kapoor,swati.kapoor395@outlook.com,2024-12-05 13:21:03,REGULAR
396,Priya Nair,priya.nair396@mail.com,2024-10-07 15:30:06,REGULAR
397,Rohan Rao,rohan.rao397@yahoo.com,2024-04-30 13:55:12,PREMIUM
398,Suresh Menon,suresh.menon398@mail.com,2023-07-23 03:18:55,PREMIUM
399,Sanjay Chauhan,sanjay.chauhan399@gmail.com,2024-05-10 17:30:09,REGULAR
400,Sneha Mishra,sneha.mishra400@mail.com,2024-01-21 03:05:09,REGULAR
401,Priya Das,priya.das401@mail.com,2025-08-13 22:56:02,REGULAR
402,Ananya Nair,ananya.nair402@outlook.com,2025-06-16 09:44:01,PREMIUM
403,Rohan Nair,rohan.nair403@mail.com,2025-03-10 14:19:58,REGULAR
404,Gaurav Das,gaurav.das404@mail.com,2023-02-06 00:04:30,REGULAR
405,Karan Agarwal,karan.agarwal405@mail.com,2024-01-09 23:00:51,REGULAR
406,Divya Verma,divya.verma406@gmail.com,2024-03-13 01:43:28,REGULAR
407,Gaurav Bose,gaurav.bose407@outlook.com,2025-04-13 17:16:53,REGULAR
408,Sneha Chatterjee,sneha.chatterjee408@yahoo.com,2024-02-15 20:15:51,PREMIUM
409,Rajesh Kapoor,rajesh.kapoor409@outlook.com,2023-03-12 06:45:31,REGULAR
410,Ajay Chauhan,ajay.chauhan410@yahoo.com,2024-07-17 03:51:57,REGULAR
411,Rahul Kapoor,rahul.kapoor411@mail.com,2025-05-04 04:09:29,REGULAR
412,Isha Pillai,isha.pillai412@gmail.com,2023-07-19 20:55:07,VIP
413,Karan Menon,karan.menon413@outlook.com,2025-05-16 13:28:41,VIP
414,Rajesh Reddy,rajesh.reddy414@yahoo.com,2025-07-24 21:26:48,REGULAR
415,Sanjay Verma,sanjay.verma415@gmail.com,2023-03-02 10:49:04,REGULAR
416,Suresh Bose,suresh.bose416@mail.com,2023-08-20 08:54:37,REGULAR
417,Sanjay Reddy,sanjay.reddy417@outlook.com,2025-08-10 08:50:10,REGULAR
418,Karan Pillai,karan.pillai418@outlook.com,2025-07-11 07:39:34,REGULAR
419,Vivek Agarwal,vivek.agarwal419@mail.com,2025-05-24 11:20:15,REGULAR
420,Vivek Sharma,vivek.sharma420@outlook.com,2024-05-29 13:30:25,PREMIUM
421,Pooja Mehta,pooja.mehta421@outlook.com,2025-09-04 12:31:52,REGULAR
422,Ritu Mishra,ritu.mishra422@yahoo.com,2023-03-21 18:39:33,REGULAR
423,Anita Agarwal,anita.agarwal423@mail.com,2023-08-18 13:28:39,PREMIUM
424,Kavya Verma,kavya.verma424@gmail.com,2023-10-24 08:57:19,REGULAR
425,Suresh Chatterjee,suresh.chatterjee425@yahoo.com,2024-10-03 12:16:07,PREMIUM
426,Pooja Agarwal,pooja.agarwal426@mail.com,2023-04-07 18:00:52,PREMIUM
427,Sanjay Iyer,sanjay.iyer427@outlook.com,2025-10-25 17:36:16,REGULAR
428,Karan Rao,karan.rao428@yahoo.com,2024-12-15 01:29:54,VIP
429,Suresh Chauhan,suresh.chauhan429@outlook.com,2025-11-15 22:12:24,PREMIUM
430,Tanvi Mishra,tanvi.mishra430@mail.com,2023-10-26 16:07:39,VIP
431,Arjun Chauhan,arjun.chauhan431@outlook.com,2023-12-16 07:39:02,VIP
432,Neha Das,neha.das432@yahoo.com,2025-01-29 15:21:22,REGULAR
433,Divya Chauhan,divya.chauhan433outlook.com,2025-06-09 20:45:53,PREMIUM
434,Karan Kapoor,karan.kapoor434@outlook.com,2023-08-16 13:01:32,REGULAR
435,Neha Patel,neha.patel435@outlook.com,2024-11-18 04:58:36,PREMIUM
436,Tanvi Bose,tanvi.bose436@yahoo.com,2023-11-10 21:38:28,PREMIUM
437,Arjun Chauhan,arjun.chauhan437@outlook.com,2023-08-02 05:54:24,REGULAR
438,Tanvi Mehta,tanvi.mehta438@yahoo.com,2024-01-12 15:29:27,REGULAR
439,Gaurav Agarwal,gaurav.agarwal439@yahoo.com,2025-09-18 00:17:51,REGULAR
440,Sneha Chatterjee,sneha.chatterjee440@outlook.com,2025-01-03 20:29:39,REGULAR
441,Rajesh Reddy,rajesh.reddy441@gmail.com,2025-05-04 22:37:50,VIP
442,Anita Chatterjee,anita.chatterjee442@mail.com,2025-01-11 16:34:15,PREMIUM
443,Rajesh Das,rajesh.das443@outlook.com,2024-03-19 09:03:18,REGULAR
444,Payal Patel,payal.patel444@yahoo.com,2025-04-11 07:55:22,PREMIUM
445,Ananya Verma,ananya.verma445@yahoo.com,2024-10-11 03:52:52,PREMIUM
446,Anita Verma,anita.verma446@mail.com,2025-02-08 13:15:01,REGULAR
447,Tanvi Das,tanvi.das447@gmail.com,2023-01-15 09:30:18,REGULAR
448,Isha Gupta,isha.gupta448@outlook.com,2024-03-18 01:13:38,REGULAR
449,Deepak Chauhan,deepak.chauhan449@mail.com,2023-07-28 11:20:11,PREMIUM
450,Manoj Mishra,manoj.mishra450@yahoo.com,2023-06-24 23:46:32,REGULAR
451,Tanvi Joshi,tanvi.joshi451@outlook.com,2023-10-17 06:00:16,REGULAR
452,Suresh Das,suresh.das452@yahoo.com,2023-09-30 14:55:28,REGULAR
453,Deepak Kapoor,deepak.kapoor453@mail.com,2025-03-11 11:03:19,REGULAR
454,Karan Gupta,karan.gupta454@yahoo.com,2023-08-07 10:23:26,REGULAR
455,Payal Singh,payal.singh455@gmail.com,2024-02-10 02:46:47,REGULAR
456,Manoj Mishra,manoj.mishra456@outlook.com,2024-04-14 01:21:24,REGULAR
457,Ajay Sharma,ajay.sharma457@outlook.com,2025-10-12 11:04:56,REGULAR
458,Kavya Verma,kavya.verma458@gmail.com,2024-12-23 23:10:58,REGULAR
459,Karan Agarwal,karan.agarwal459@outlook.com,2023-07-02 09:34:34,REGULAR
460,Neha Menon,neha.menon460@yahoo.com,2023-12-07 09:42:22,VIP
461,Ritu Reddy,ritu.reddy461@mail.com,2025-07-29 23:35:05,REGULAR
462,Nikhil Chauhan,nikhil.chauhan462@mail.com,2025-04-15 00:06:42,PREMIUM
463,Vivek Iyer,vivek.iyer463@yahoo.com,2025-11-22 20:59:06,PREMIUM
464,Ananya Patel,ananya.patel464@mail.com,2025-03-31 11:43:16,PREMIUM
465,Rahul Mehta,rahul.mehta465@gmail.com,2023-04-06 22:30:24,PREMIUM
466,Gaurav Agarwal,gaurav.agarwal466@yahoo.com,2025-06-08 15:51:57,REGULAR
467,Anita Rao,anita.rao467@mail.com,2023-06-30 13:44:31,PREMIUM
468,Nikhil Mehta,nikhil.mehta468@mail.com,2023-05-22 06:33:00,PREMIUM
469,Manoj Verma,manoj.verma469@mail.com,2023-07-24 23:14:29,REGULAR
470,Manoj Mehta,manoj.mehta470@gmail.com,2025-05-18 01:28:10,REGULAR
471,Swati Das,swati.das471@gmail.com,2024-09-07 02:02:16,REGULAR
472,Amit Iyer,amit.iyer472@gmail.com,2023-03-12 08:31:34,REGULAR
473,Nikhil Patel,nikhil.patel473@gmail.com,2023-04-18 05:13:12,VIP
474,Ritu Verma,ritu.verma474@outlook.com,2024-09-27 03:39:51,REGULAR
475,Vikram Chatterjee,vikram.chatterjee475@outlook.com,2024-08-17 03:52:25,REGULAR
476,Payal Kapoor,payal.kapoor476@mail.com,2023-05-05 15:56:11,PREMIUM
477,Shreya Chauhan,shreya.chauhan477@yahoo.com,2025-10-12 05:31:01,PREMIUM
478,Sneha Nair,sneha.nair478@mail.com,2025-04-01 12:40:44,REGULAR
479,Kavya Sharma,kavya.sharma479@gmail.com,2024-04-08 11:46:42,REGULAR
480,Tanvi Chauhan,tanvi.chauhan480@mail.com,2025-04-06 07:55:20,REGULAR
481,Kavya Singh,kavya.singh481@mail.com,2024-06-21 17:46:13,REGULAR
482,Rohan Gupta,rohan.gupta482@gmail.com,2025-10-22 13:57:13,REGULAR
483,Rajesh Sharma,rajesh.sharma483@yahoo.com,2023-11-17 03:16:47,REGULAR
484,Isha Verma,isha.verma484@mail.com,2025-07-17 15:02:10,PREMIUM
485,Ananya Verma,ananya.verma485@yahoo.com,2023-03-10 17:15:53,REGULAR
486,Kavya Chauhan,kavya.chauhan486@yahoo.com,2023-03-29 16:23:10,REGULAR
487,Neha Singh,neha.singh487@outlook.com,2025-06-16 01:49:17,REGULAR
488,Shreya Rao,shreya.rao488@yahoo.com,2024-04-13 18:35:36,PREMIUM
489,Shreya Agarwal,shreya.agarwal489@yahoo.com,2024-10-04 10:38:31,REGULAR
490,Priya Chauhan,priya.chauhan490@yahoo.com,2025-08-30 10:42:56,PREMIUM
491,Meera Bose,meera.bose491@gmail.com,2024-06-19 00:42:55,VIP
492,Shreya Kapoor,shreya.kapoor492@outlook.com,2024-10-08 17:42:26,REGULAR
493,Neha Kapoor,neha.kapoor493@yahoo.com,2025-04-15 15:25:09,REGULAR
494,Ananya Singh,ananya.singh494@outlook.com,2023-08-13 05:49:23,PREMIUM
495,Payal Verma,payal.verma495@mail.com,2024-10-09 00:32:19,REGULAR
496,Vikram Kapoor,vikram.kapoor496@yahoo.com,2024-02-01 02:55:36,REGULAR
497,Deepak Patel,deepak.patel497@mail.com,2024-07-30 10:46:18,REGULAR
498,Tanvi Iyer,tanvi.iyer498@gmail.com,2024-02-22 00:58:24,REGULAR
499,Isha Pillai,isha.pillai499@gmail.com,2023-04-24 01:35:47,REGULAR
500,Rajesh Mehta,rajesh.mehta500@yahoo.com,2025-01-14 17:06:41,REGULAR
501,Payal Rao,payal.rao501@outlook.com,2023-01-24 19:40:55,REGULAR
502,Rohan Gupta,rohan.gupta502@mail.com,2024-01-12 20:31:45,PREMIUM
503,Nikhil Iyer,nikhil.iyer503@mail.com,2024-01-07 18:54:17,REGULAR
504,Rajesh Das,rajesh.das504@mail.com,2024-12-25 07:04:37,REGULAR
505,Divya Das,divya.das505@outlook.com,2024-07-12 16:31:23,REGULAR
506,Ritu Joshi,ritu.joshi506@gmail.com,2024-12-30 07:52:17,PREMIUM
507,Suresh Iyer,suresh.iyer507@outlook.com,2024-05-01 02:34:42,REGULAR
508,Ajay Singh,ajay.singh508@yahoo.com,2023-01-26 04:43:18,REGULAR
509,Payal Mehta,payal.mehta509@mail.com,2024-04-03 13:33:58,REGULAR
510,Suresh Singh,suresh.singh510@mail.com,2025-06-04 03:17:33,PREMIUM
511,Ritu Chauhan,ritu.chauhan511@outlook.com,2024-02-04 17:50:12,PREMIUM
512,Ritu Bose,ritu.bose512@mail.com,2023-09-19 08:12:17,PREMIUM
513,Divya Nair,divya.nair513@yahoo.com,2025-04-29 00:43:26,REGULAR
514,Payal Chauhan,payal.chauhan514@gmail.com,2025-03-24 22:03:49,REGULAR
515,Ananya Patel,ananya.patel515@gmail.com,2023-01-10 22:00:22,REGULAR
516,Vivek Singh,vivek.singh516@gmail.com,2023-08-23 14:47:36,REGULAR
517,Sanjay Joshi,sanjay.joshi517@outlook.com,2023-04-04 21:44:37,REGULAR
518,Shreya Pillai,shreya.pillai518@mail.com,2025-10-21 03:54:06,REGULAR
519,Amit Chauhan,amit.chauhan519@mail.com,2023-01-19 09:50:10,REGULAR
520,Tanvi Mishra,tanvi.mishra520@outlook.com,2023-01-27 15:07:20,REGULAR
521,Nikhil Chatterjee,nikhil.chatterjee521@yahoo.com,2023-06-16 05:51:41,VIP
522,Sanjay Reddy,sanjay.reddy522@yahoo.com,2023-10-26 03:44:44,REGULAR
523,Arjun Menon,arjun.menon523@outlook.com,2024-09-08 13:22:16,REGULAR
524,Karan Joshi,karan.joshi524@yahoo.com,2023-12-17 20:34:07,REGULAR
525,Vivek Patel,vivek.patel525@gmail.com,2023-05-26 05:57:05,REGULAR
526,Karan Chauhan,karan.chauhan526@mail.com,2023-03-29 04:06:59,REGULAR
527,Nikhil Nair,nikhil.nair527@gmail.com,2025-02-15 12:04:17,PREMIUM
528,Deepak Rao,deepak.rao528@gmail.com,2025-03-31 11:12:05,VIP
529,Kavya Iyer,kavya.iyer529@mail.com,2024-02-26 03:09:22,REGULAR
530,Rahul Mishra,rahul.mishra530@gmail.com,2023-10-06 14:49:13,VIP
531,Suresh Sharma,suresh.sharma531@yahoo.com,2025-06-30 22:17:32,REGULAR
532,Vivek Kapoor,vivek.kapoor532@gmail.com,2024-04-09 21:51:04,REGULAR
533,Kavya Mehta,kavya.mehta533@mail.com,2025-11-17 17:41:34,PREMIUM
534,Suresh Kapoor,suresh.kapoor534@yahoo.com,2023-05-02 19:59:46,REGULAR
535,Divya Verma,divya.verma535@gmail.com,2024-11-09 23:49:52,REGULAR
536,Rahul Rao,rahul.rao536@mail.com,2024-05-22 00:12:12,REGULAR
537,Arjun Joshi,arjun.joshi537@mail.com,2023-12-21 09:36:56,REGULAR
538,Karan Chatterjee,karan.chatterjee538@yahoo.com,2025-11-21 20:51:39,REGULAR
539,Karan Patel,karan.patel539@outlook.com,2024-01-18 20:18:49,PREMIUM
540,Rahul Mishra,rahul.mishra540@yahoo.com,2024-08-13 07:25:35,PREMIUM
541,Deepak Reddy,deepak.reddy541@mail.com,2024-05-06 22:37:12,REGULAR
542,Rahul Sharma,rahul.sharma542@outlook.com,2024-11-21 20:57:17,REGULAR
543,Arjun Gupta,arjun.gupta543@yahoo.com,2023-05-16 14:40:36,REGULAR
544,Manoj Chauhan,manoj.chauhan544@mail.com,2023-06-10 11:02:22,REGULAR
545,Divya Chauhan,divya.chauhan545@gmail.com,2025-07-16 06:57:37,REGULAR
546,Suresh Kapoor,suresh.kapoor546@gmail.com,2024-03-29 08:51:28,REGULAR
547,Rajesh Patel,rajesh.patel547@yahoo.com,2025-06-07 12:13:49,REGULAR
548,Shreya Kapoor,shreya.kapoor548@yahoo.com,2023-08-04 16:19:57,REGULAR
549,Arjun Bose,arjun.bose549@yahoo.com,2023-04-09 06:46:13,REGULAR
550,Arjun Chatterjee,arjun.chatterjee550@outlook.com,2025-01-22 05:27:06,PREMIUM
551,Divya Mishra,divya.mishra551@yahoo.com,2025-08-28 22:56:41,REGULAR
552,Isha Iyer,isha.iyer552@mail.com,2023-06-16 04:13:08,REGULAR
553,Amit Kapoor,amit.kapoor553@outlook.com,2025-08-21 10:26:26,REGULAR
554,Ananya Rao,ananya.rao554@mail.com,2024-06-03 23:52:15,REGULAR
555,Vivek Pillai,vivek.pillai555@yahoo.com,2024-04-11 17:02:21,REGULAR
556,Nikhil Iyer,nikhil.iyer556@mail.com,2024-05-03 01:36:06,REGULAR
557,Karan Rao,karan.rao557@outlook.com,2025-09-10 04:18:50,REGULAR
558,Ajay Singh,ajay.singh558@outlook.com,2024-08-07 04:21:28,REGULAR
559,Swati Kapoor,swati.kapoor559outlook.com,2025-05-25 21:52:14,REGULAR
560,Meera Nair,meera.nair560@gmail.com,2024-12-18 02:31:25,VIP
561,Rohan Joshi,rohan.joshi561@outlook.com,2023-04-18 10:25:19,PREMIUM
562,Swati Chatterjee,swati.chatterjee562@mail.com,2023-08-05 04:58:25,REGULAR
563,Kavya Mishra,kavya.mishra563@yahoo.com,2024-10-19 07:21:12,PREMIUM
564,Rahul Joshi,rahul.joshi564@mail.com,2025-06-23 11:37:49,REGULAR
565,Sanjay Chatterjee,sanjay.chatterjee565@gmail.com,2024-07-12 12:13:51,PREMIUM
566,Swati Chauhan,swati.chauhan566@gmail.com,2023-06-19 21:35:15,PREMIUM
567,Shreya Menon,shreya.menon567@yahoo.com,2025-10-02 01:54:09,REGULAR
568,Ajay Kapoor,ajay.kapoor568@outlook.com,2024-10-30 16:32:45,REGULAR
569,Sneha Mishra,sneha.mishra569@yahoo.com,2025-03-04 07:23:24,PREMIUM
570,Meera Mehta,meera.mehta570@yahoo.com,2024-11-23 11:49:44,REGULAR
571,Manoj Mehta,manoj.mehta571@yahoo.com,2024-06-19 21:18:58,VIP
572,Ritu Gupta,ritu.gupta572@outlook.com,2024-10-08 04:41:16,VIP
573,Rahul Gupta,rahul.gupta573@yahoo.com,2024-06-25 02:38:00,REGULAR
574,Manoj Iyer,manoj.iyer574@mail.com,2024-06-25 01:34:34,REGULAR
575,Manoj Joshi,manoj.joshi575@outlook.com,2023-04-15 08:26:27,REGULAR
576,Swati Gupta,swati.gupta576@gmail.com,2024-06-16 22:52:22,REGULAR
577,Shreya Nair,shreya.nair577@yahoo.com,2025-03-12 13:38:49,REGULAR
578,Anita Rao,anita.rao578@mail.com,2024-12-18 18:37:39,REGULAR
579,Karan Nair,karan.nair579@yahoo.com,2025-09-21 22:46:59,PREMIUM
580,Karan Sharma,karan.sharma580@yahoo.com,2024-11-29 09:22:16,REGULAR
581,Karan Sharma,karan.sharma581@yahoo.com,2023-11-16 16:12:05,REGULAR
582,Nikhil Patel,nikhil.patel582@gmail.com,2025-04-14 00:40:23,REGULAR
583,Suresh Iyer,suresh.iyer583@mail.com,2023-06-27 00:32:57,REGULAR
584,Ananya Bose,ananya.bose584@outlook.com,2025-07-16 08:41:08,REGULAR
585,Karan Mehta,karan.mehta585@gmail.com,2024-06-24 11:34:14,REGULAR
586,Manoj Pillai,manoj.pillai586@yahoo.com,2025-11-12 09:12:46,PREMIUM
587,Neha Pillai,neha.pillai587@gmail.com,2025-11-10 02:04:48,REGULAR
588,Sneha Singh,sneha.singh588@outlook.com,2023-07-01 16:10:16,REGULAR
589,Nikhil Reddy,nikhil.reddy589@mail.com,2024-10-11 17:05:02,REGULAR
590,Ajay Kapoor,ajay.kapoor590@mail.com,2023-10-16 13:23:59,REGULAR
591,Meera Nair,meera.nair591@yahoo.com,2025-01-30 15:10:40,REGULAR
592,Anita Rao,anita.rao592@mail.com,2025-08-20 05:16:40,REGULAR
593,Divya Sharma,divya.sharma593@mail.com,2023-08-01 02:22:59,REGULAR
594,Karan Chauhan,karan.chauhan594@mail.com,2024-09-27 13:38:02,PREMIUM
595,Pooja Joshi,pooja.joshi595@mail.com,2023-09-17 19:39:43,REGULAR
596,Amit Singh,amit.singh596@outlook.com,2023-02-20 18:57:40,REGULAR
597,Meera Das,meera.das597@yahoo.com,2024-12-11 10:10:37,REGULAR
598,Rajesh Bose,rajesh.bose598@gmail.com,2025-06-08 16:19:39,REGULAR
599,Rajesh Chauhan,rajesh.chauhan599@outlook.com,2025-04-22 00:50:30,PREMIUM
600,Priya Joshi,priya.joshi600@yahoo.com,2024-10-22 10:54:56,REGULAR
