order_id,customer_id,order_date,status
O002726,C00382,2024-12-31,Delivered
O001070,C00277,2024-12-31,Delivered
O000783,C00392,2024-12-31,Delivered
O002620,C00067,2024-12-30,Delivered
O000833,C00112,2024-12-30,Delivered
O001081,C00128,2024-12-29,Delivered
O002250,C00132,2024-12-29,Delivered
O001747,C00311,2024-12-29,Delivered
O002564,C00027,2024-12-28,Delivered
O002391,C00390,2024-12-28,Delivered
O001604,C00006,2024-12-27,Delivered
O001162,C00391,2024-12-27,Delivered
O000700,C00321,2024-12-27,Delivered
O001852,C00151,2024-12-27,Delivered
O000399,C00263,2024-12-27,Delivered
O002496,C00273,2024-12-26,Delivered
O001765,C00338,2024-12-26,Delivered
O000775,C00117,2024-12-26,Delivered
O002364,C00056,2024-12-26,Delivered
O000935,C00243,2024-12-26,Delivered
O002469,C00048,2024-12-25,Delivered
O002392,C00035,2024-12-25,Delivered
O001759,C00112,2024-12-25,Delivered
O001735,C00240,2024-12-24,Delivered
O001662,C00206,2024-12-24,Delivered
O001740,C00179,2024-12-24,Delivered
O002543,C00078,2024-12-24,Delivered
O001536,C00141,2024-12-23,Delivered
O000864,C00190,2024-12-23,Delivered
O001580,C00035,2024-12-23,Delivered
O000772,C00217,2024-12-23,Delivered
O002871,C00111,2024-12-22,Delivered
O001009,C00370,2024-12-22,Delivered
O001109,C00339,2024-12-22,Delivered
O001571,C00278,2024-12-20,Delivered
O001760,C00098,2024-12-20,Delivered
O001528,C00038,2024-12-19,Delivered
O000549,C00196,2024-12-19,Delivered
O000891,C00388,2024-12-18,Delivered
O002042,C00141,2024-12-18,Delivered
O002971,C00061,2024-12-17,Delivered
O001628,C00082,2024-12-17,Delivered
O001630,C00242,2024-12-16,Delivered
O000544,C00275,2024-12-15,Delivered
O000116,C00371,2024-12-14,Delivered
O000476,C00123,2024-12-14,Delivered
O001146,C00239,2024-12-13,Delivered
O002647,C00020,2024-12-13,Delivered
O000455,C00227,2024-12-13,Delivered
O000332,C00145,2024-12-12,Delivered
O000619,C00322,2024-12-12,Delivered
O000084,C00009,2024-12-11,Delivered
O002639,C00172,2024-12-11,Delivered
O000186,C00219,2024-12-11,Delivered
O000364,C00017,2024-12-11,Delivered
O002707,C00139,2024-12-10,Delivered
O002588,C00123,2024-12-08,Delivered
O000010,C00385,2024-12-07,Delivered
O001486,C00388,2024-12-07,Delivered
O002812,C00324,2024-12-06,Delivered
O002798,C00308,2024-12-06,Delivered
O000007,C00265,2024-12-05,Delivered
O001208,C00025,2024-12-05,Delivered
O001845,C00226,2024-12-05,Delivered
O000970,C00023,2024-12-04,Delivered
O002006,C00360,2024-12-04,Delivered
O001013,C00378,2024-12-04,Delivered
O001810,C00336,2024-12-03,Delivered
O001544,C00331,2024-12-02,Delivered
O002548,C00087,2024-12-02,Delivered
O001144,C00302,2024-12-02,Delivered
O001521,C00106,2024-12-02,Delivered
O001023,C00158,2024-12-01,Delivered
O000773,C00116,2024-12-01,Delivered
O002190,C00200,2024-12-01,Delivered
O000432,C00121,2024-11-30,Delivered
O000723,C00226,2024-11-30,Delivered
O000525,C00008,2024-11-30,Delivered
O001782,C00062,2024-11-29,Delivered
O001059,C00164,2024-11-29,Delivered
O001857,C00115,2024-11-29,Delivered
O002185,C00395,2024-11-28,Delivered
O001650,C00374,2024-11-28,Delivered
O002387,C00367,2024-11-27,Delivered
O001834,C00041,2024-11-25,Delivered
O000660,C00127,2024-11-25,Delivered
O002996,C00012,2024-11-25,Delivered
O002138,C00193,2024-11-24,Delivered
O000236,C00041,2024-11-23,Delivered
O000235,C00388,2024-11-22,Delivered
O000328,C00038,2024-11-22,Delivered
O001750,C00354,2024-11-21,Delivered
O001185,C00278,2024-11-21,Delivered
O002804,C00305,2024-11-20,Delivered
O000580,C00257,2024-11-20,Delivered
O002200,C00343,2024-11-19,Delivered
O002127,C00027,2024-11-19,Delivered
O000317,C00220,2024-11-19,Delivered
O000798,C00338,2024-11-19,Delivered
O002068,C00064,2024-11-18,Delivered
O001068,C00065,2024-11-18,Delivered
O001552,C00061,2024-11-18,Delivered
O002383,C00317,2024-11-18,Delivered
O000605,C00017,2024-11-17,Delivered
O001002,C00160,2024-11-16,Delivered
O002672,C00085,2024-11-16,Delivered
O000163,C00372,2024-11-15,Delivered
O001923,C00391,2024-11-15,Delivered
O000967,C00247,2024-11-14,Delivered
O002609,C00236,2024-11-14,Delivered
O001168,C00357,2024-11-13,Delivered
O000151,C00140,2024-11-12,Delivered
O000305,C00046,2024-11-11,Delivered
O001709,C00342,2024-11-11,Delivered
O000814,C00368,2024-11-11,Delivered
O002323,C00290,2024-11-11,Delivered
O001055,C00041,2024-11-10,Delivered
O000663,C00283,2024-11-09,Delivered
O001122,C00085,2024-11-09,Delivered
O001205,C00018,2024-11-08,Delivered
O001495,C00247,2024-11-07,Delivered
O002596,C00068,2024-11-07,Delivered
O002311,C00310,2024-11-07,Delivered
O001426,C00069,2024-11-07,Delivered
O002583,C00253,2024-11-07,Delivered
O001282,C00337,2024-11-06,Delivered
O000506,C00124,2024-11-06,Delivered
O001252,C00058,2024-11-06,Delivered
O000045,C00151,2024-11-06,Delivered
O002168,C00239,2024-11-04,Delivered
O001697,C00199,2024-11-04,Delivered
O000249,C00102,2024-11-04,Delivered
O000363,C00194,2024-11-04,Delivered
O001973,C00373,2024-11-04,Delivered
O001438,C00182,2024-11-04,Delivered
O000565,C00114,2024-11-03,Delivered
O001596,C00397,2024-11-02,Delivered
O002568,C00242,2024-11-02,Delivered
O002073,C00070,2024-11-02,Delivered
O002561,C00397,2024-11-02,Delivered
O002794,C00107,2024-11-01,Delivered
O000644,C00182,2024-10-31,Delivered
O002979,C00108,2024-10-31,Delivered
O001588,C00394,2024-10-31,Delivered
O000625,C00002,2024-10-31,Delivered
O002002,C00009,2024-10-31,Delivered
O002161,C00385,2024-10-31,Delivered
O002699,C00349,2024-10-30,Delivered
O002288,C00181,2024-10-30,Delivered
O002852,C00171,2024-10-30,Delivered
O001359,C00313,2024-10-30,Delivered
O000284,C00362,2024-10-30,Delivered
O001482,C00109,2024-10-30,Delivered
O002977,C00024,2024-10-30,Delivered
O000494,C00248,2024-10-29,Delivered
O001016,C00274,2024-10-28,Delivered
O001265,C00249,2024-10-28,Delivered
O002044,C00177,2024-10-28,Delivered
O000075,C00322,2024-10-27,Delivered
O002066,C00233,2024-10-26,Delivered
O002142,C00294,2024-10-26,Delivered
O000756,C00262,2024-10-26,Delivered
O002220,C00282,2024-10-25,Delivered
O000025,C00304,2024-10-24,Delivered
O002246,C00259,2024-10-24,Delivered
O000986,C00227,2024-10-23,Delivered
O001640,C00215,2024-10-23,Delivered
O001221,C00227,2024-10-23,Delivered
O000404,C00005,2024-10-22,Delivered
O002845,C00096,2024-10-21,Delivered
O000271,C00091,2024-10-21,Delivered
O001827,C00173,2024-10-20,Delivered
O000614,C00057,2024-10-19,Delivered
O001480,C00080,2024-10-19,Delivered
O002934,C00353,2024-10-19,Delivered
O000708,C00140,2024-10-19,Delivered
O001382,C00150,2024-10-18,Delivered
O001633,C00289,2024-10-17,Delivered
O000215,C00354,2024-10-17,Delivered
O002443,C00025,2024-10-17,Delivered
O000412,C00231,2024-10-17,Delivered
O000333,C00343,2024-10-16,Delivered
O001147,C00338,2024-10-16,Delivered
O000415,C00344,2024-10-16,Delivered
O001477,C00100,2024-10-14,Delivered
O000156,C00010,2024-10-13,Delivered
O001909,C00298,2024-10-11,Delivered
O002714,C00002,2024-10-11,Delivered
O002764,C00327,2024-10-11,Delivered
O000817,C00210,2024-10-10,Delivered
O001795,C00234,2024-10-10,Delivered
O002471,C00016,2024-10-08,Delivered
O002075,C00185,2024-10-08,Delivered
O000648,C00160,2024-10-06,Delivered
O002651,C00059,2024-10-06,Delivered
O000218,C00264,2024-10-05,Delivered
O001446,C00246,2024-10-05,Delivered
O001323,C00015,2024-10-05,Delivered
O002395,C00382,2024-10-05,Delivered
O000296,C00094,2024-10-04,Delivered
O002504,C00086,2024-10-02,Delivered
O002995,C00143,2024-10-02,Delivered
O002684,C00007,2024-10-02,Delivered
O000120,C00009,2024-10-02,Delivered
O001374,C00064,2024-09-30,Delivered
O000113,C00398,2024-09-30,Delivered
O002401,C00241,2024-09-30,Delivered
O001489,C00321,2024-09-30,Delivered
O002689,C00301,2024-09-29,Delivered
O000005,C00390,2024-09-29,Delivered
O002566,C00236,2024-09-29,Delivered
O002585,C00300,2024-09-28,Delivered
O000707,C00306,2024-09-28,Delivered
O002139,C00252,2024-09-27,Delivered
O000839,C00159,2024-09-27,Delivered
O002235,C00206,2024-09-27,Delivered
O001376,C00019,2024-09-26,Delivered
O002633,C00351,2024-09-26,Delivered
O000035,C00218,2024-09-25,Delivered
O001794,C00311,2024-09-25,Delivered
O000200,C00272,2024-09-25,Delivered
O000715,C00363,2024-09-25,Delivered
O001314,C00101,2024-09-24,Delivered
O001414,C00337,2024-09-24,Delivered
O000427,C00016,2024-09-24,Delivered
O002562,C00211,2024-09-23,Delivered
O001509,C00392,2024-09-23,Delivered
O001239,C00270,2024-09-23,Delivered
O002468,C00098,2024-09-22,Delivered
O000060,C00076,2024-09-20,Delivered
O000749,C00308,2024-09-19,Delivered
O000266,C00206,2024-09-19,Delivered
O000199,C00060,2024-09-19,Delivered
O001187,C00063,2024-09-18,Delivered
O002720,C00105,2024-09-18,Delivered
O001439,C00156,2024-09-17,Delivered
O001755,C00062,2024-09-17,Delivered
O002881,C00014,2024-09-17,Delivered
O002970,C00372,2024-09-17,Delivered
O002993,C00190,2024-09-17,Delivered
O001420,C00151,2024-09-17,Delivered
O001232,C00399,2024-09-16,Delivered
O001202,C00172,2024-09-16,Delivered
O001199,C00215,2024-09-16,Delivered
O002077,C00078,2024-09-16,Delivered
O002093,C00103,2024-09-14,Delivered
O000387,C00162,2024-09-13,Delivered
O000308,C00330,2024-09-13,Delivered
O001666,C00334,2024-09-12,Delivered
O001665,C00341,2024-09-11,Delivered
O001607,C00008,2024-09-11,Delivered
O001459,C00135,2024-09-11,Delivered
O000822,C00235,2024-09-11,Delivered
O000352,C00036,2024-09-11,Delivered
O001458,C00224,2024-09-11,Delivered
O001372,C00060,2024-09-10,Delivered
O000845,C00073,2024-09-10,Delivered
O000027,C00275,2024-09-09,Delivered
O002435,C00340,2024-09-09,Delivered
O002340,C00061,2024-09-08,Delivered
O000676,C00330,2024-09-08,Delivered
O001520,C00357,2024-09-08,Delivered
O002083,C00244,2024-09-07,Delivered
O001895,C00220,2024-09-07,Delivered
O001814,C00372,2024-09-06,Delivered
O000562,C00154,2024-09-06,Delivered
O002780,C00273,2024-09-06,Delivered
O002627,C00214,2024-09-05,Delivered
O000061,C00011,2024-09-05,Delivered
O002803,C00040,2024-09-04,Delivered
O000002,C00361,2024-09-02,Delivered
O000149,C00143,2024-09-02,Delivered
O001688,C00252,2024-09-02,Delivered
O001362,C00014,2024-09-02,Delivered
O000110,C00307,2024-09-01,Delivered
O000884,C00226,2024-08-31,Delivered
O002141,C00397,2024-08-31,Delivered
O000145,C00193,2024-08-31,Delivered
O002315,C00241,2024-08-30,Delivered
O001176,C00164,2024-08-29,Delivered
O000155,C00137,2024-08-29,Delivered
O001427,C00334,2024-08-29,Delivered
O001281,C00117,2024-08-29,Delivered
O002090,C00206,2024-08-29,Delivered
O002388,C00396,2024-08-28,Delivered
O000872,C00243,2024-08-28,Delivered
O000556,C00206,2024-08-28,Delivered
O002418,C00347,2024-08-28,Delivered
O001927,C00022,2024-08-27,Delivered
O002576,C00119,2024-08-27,Delivered
O002087,C00322,2024-08-27,Delivered
O000658,C00042,2024-08-26,Delivered
O000659,C00382,2024-08-26,Delivered
O000321,C00194,2024-08-25,Delivered
O002705,C00337,2024-08-24,Delivered
O002567,C00339,2024-08-24,Delivered
O001956,C00060,2024-08-24,Delivered
O001803,C00361,2024-08-23,Delivered
O000610,C00321,2024-08-23,Delivered
O001998,C00056,2024-08-23,Delivered
O001011,C00066,2024-08-23,Delivered
O001050,C00030,2024-08-23,Delivered
O000062,C00118,2024-08-23,Delivered
O002251,C00326,2024-08-23,Delivered
O000600,C00012,2024-08-21,Delivered
O002270,C00014,2024-08-21,Delivered
O001304,C00296,2024-08-21,Delivered
O000675,C00349,2024-08-21,Delivered
O000652,C00338,2024-08-21,Delivered
O002143,C00215,2024-08-20,Delivered
O000237,C00317,2024-08-20,Delivered
O001958,C00280,2024-08-20,Delivered
O002962,C00135,2024-08-20,Delivered
O000297,C00186,2024-08-18,Delivered
O000201,C00307,2024-08-17,Delivered
O001394,C00262,2024-08-17,Delivered
O001196,C00358,2024-08-16,Delivered
O001854,C00348,2024-08-16,Delivered
O002790,C00075,2024-08-16,Delivered
O001799,C00395,2024-08-16,Delivered
O000893,C00223,2024-08-15,Delivered
O001136,C00273,2024-08-14,Delivered
O001881,C00180,2024-08-14,Delivered
O002021,C00315,2024-08-14,Delivered
O002297,C00080,2024-08-13,Delivered
O001498,C00351,2024-08-12,Delivered
O002761,C00220,2024-08-12,Delivered
O002413,C00132,2024-08-12,Delivered
O002503,C00064,2024-08-12,Delivered
O002634,C00266,2024-08-12,Delivered
O000063,C00319,2024-08-11,Delivered
O002847,C00228,2024-08-11,Delivered
O002863,C00054,2024-08-10,Delivered
O000329,C00382,2024-08-09,Delivered
O002955,C00292,2024-08-09,Delivered
O001534,C00105,2024-08-09,Delivered
O001663,C00050,2024-08-08,Delivered
O000136,C00267,2024-08-08,Delivered
O001999,C00055,2024-08-08,Delivered
O001894,C00061,2024-08-08,Delivered
O001654,C00215,2024-08-08,Delivered
O002111,C00031,2024-08-07,Delivered
O000952,C00230,2024-08-06,Delivered
O002361,C00115,2024-08-05,Delivered
O001131,C00306,2024-08-05,Delivered
O000557,C00279,2024-08-04,Delivered
O001325,C00087,2024-08-04,Delivered
O002116,C00390,2024-08-02,Delivered
O000904,C00316,2024-08-01,Delivered
O000594,C00007,2024-08-01,Delivered
O000081,C00070,2024-07-31,Delivered
O002253,C00251,2024-07-31,Delivered
O002988,C00029,2024-07-30,Delivered
O002368,C00094,2024-07-30,Delivered
O001358,C00123,2024-07-30,Delivered
O001042,C00111,2024-07-30,Delivered
O002940,C00289,2024-07-29,Delivered
O002099,C00042,2024-07-28,Delivered
O001850,C00232,2024-07-28,Delivered
O001402,C00314,2024-07-27,Delivered
O000796,C00254,2024-07-26,Delivered
O001478,C00102,2024-07-26,Delivered
O002264,C00058,2024-07-26,Delivered
O001248,C00226,2024-07-25,Delivered
O001470,C00269,2024-07-24,Delivered
O002205,C00088,2024-07-24,Delivered
O001260,C00324,2024-07-24,Delivered
O002165,C00325,2024-07-23,Delivered
O002623,C00326,2024-07-23,Delivered
O002031,C00052,2024-07-23,Delivered
O000947,C00205,2024-07-21,Delivered
O000903,C00082,2024-07-21,Delivered
O001408,C00319,2024-07-20,Delivered
O001660,C00194,2024-07-20,Delivered
O002367,C00116,2024-07-19,Delivered
O000057,C00278,2024-07-19,Delivered
O002524,C00176,2024-07-18,Delivered
O000801,C00351,2024-07-17,Delivered
O001352,C00308,2024-07-17,Delivered
O002587,C00189,2024-07-17,Delivered
O000104,C00164,2024-07-17,Delivered
O000746,C00252,2024-07-15,Delivered
O000022,C00387,2024-07-14,Delivered
O002752,C00393,2024-07-12,Delivered
O002316,C00135,2024-07-12,Delivered
O000526,C00166,2024-07-12,Delivered
O001445,C00129,2024-07-12,Delivered
O001278,C00158,2024-07-11,Delivered
O000797,C00098,2024-07-11,Delivered
O000294,C00225,2024-07-11,Delivered
O001027,C00395,2024-07-11,Delivered
O000558,C00138,2024-07-09,Delivered
O001518,C00212,2024-07-09,Delivered
O000147,C00225,2024-07-09,Delivered
O000307,C00255,2024-07-08,Delivered
O001079,C00293,2024-07-07,Delivered
O001861,C00290,2024-07-07,Delivered
O001519,C00040,2024-07-07,Delivered
O002448,C00317,2024-07-06,Delivered
O002904,C00217,2024-07-06,Delivered
O002638,C00064,2024-07-04,Delivered
O000568,C00253,2024-07-04,Delivered
O001784,C00129,2024-07-04,Delivered
O002951,C00342,2024-07-04,Delivered
O001270,C00254,2024-07-03,Delivered
O000181,C00251,2024-07-03,Delivered
O002314,C00361,2024-07-03,Delivered
O000878,C00399,2024-07-01,Delivered
O001574,C00127,2024-06-30,Delivered
O000840,C00086,2024-06-30,Delivered
O002741,C00007,2024-06-29,Delivered
O001713,C00102,2024-06-29,Delivered
O002912,C00295,2024-06-27,Delivered
O002542,C00064,2024-06-27,Delivered
O000449,C00126,2024-06-27,Delivered
O002849,C00029,2024-06-27,Delivered
O002039,C00119,2024-06-26,Delivered
O000291,C00307,2024-06-26,Delivered
O000942,C00280,2024-06-26,Delivered
O001235,C00013,2024-06-25,Delivered
O002485,C00343,2024-06-24,Delivered
O000566,C00345,2024-06-24,Delivered
O002501,C00249,2024-06-24,Delivered
O000282,C00329,2024-06-24,Delivered
O001777,C00106,2024-06-23,Delivered
O001049,C00307,2024-06-23,Delivered
O002188,C00355,2024-06-23,Delivered
O002265,C00359,2024-06-23,Delivered
O001729,C00170,2024-06-22,Delivered
O002683,C00167,2024-06-22,Delivered
O002348,C00013,2024-06-22,Delivered
O000379,C00219,2024-06-21,Delivered
O002303,C00370,2024-06-21,Delivered
O000535,C00161,2024-06-21,Delivered
O000438,C00318,2024-06-21,Delivered
O002223,C00205,2024-06-21,Delivered
O000778,C00382,2024-06-20,Delivered
O001675,C00379,2024-06-19,Delivered
O001400,C00359,2024-06-19,Delivered
O002791,C00252,2024-06-19,Delivered
O002991,C00260,2024-06-18,Delivered
O002938,C00090,2024-06-17,Delivered
O001000,C00199,2024-06-16,Delivered
O001091,C00239,2024-06-16,Delivered
O002126,C00031,2024-06-16,Delivered
O002236,C00186,2024-06-15,Delivered
O002511,C00013,2024-06-15,Delivered
O000485,C00171,2024-06-15,Delivered
O002464,C00201,2024-06-14,Delivered
O000073,C00287,2024-06-13,Delivered
O000486,C00107,2024-06-13,Delivered
O002339,C00012,2024-06-12,Delivered
O001639,C00319,2024-06-12,Delivered
O000464,C00399,2024-06-12,Delivered
O001443,C00245,2024-06-12,Delivered
O000850,C00054,2024-06-10,Delivered
O001613,C00013,2024-06-10,Delivered
O001981,C00114,2024-06-09,Delivered
O001859,C00376,2024-06-09,Delivered
O002183,C00331,2024-06-08,Delivered
O000976,C00283,2024-06-08,Delivered
O000295,C00159,2024-06-07,Delivered
O002827,C00297,2024-06-07,Delivered
O001227,C00331,2024-06-07,Delivered
O002911,C00210,2024-06-06,Delivered
O002282,C00144,2024-06-06,Delivered
O000787,C00376,2024-06-05,Delivered
O001028,C00302,2024-06-04,Delivered
O001133,C00027,2024-06-04,Delivered
O002578,C00297,2024-06-04,Delivered
O000188,C00229,2024-06-03,Delivered
O000655,C00231,2024-06-03,Delivered
O001041,C00090,2024-06-03,Delivered
O002966,C00349,2024-06-03,Delivered
O002530,C00310,2024-06-03,Delivered
O002259,C00097,2024-06-02,Delivered
O000407,C00065,2024-06-02,Delivered
O002463,C00072,2024-06-01,Delivered
O000021,C00165,2024-05-31,Delivered
O000643,C00169,2024-05-30,Delivered
O002727,C00315,2024-05-30,Delivered
O001108,C00042,2024-05-30,Delivered
O001074,C00275,2024-05-30,Delivered
O000480,C00270,2024-05-29,Delivered
O001422,C00098,2024-05-29,Delivered
O000069,C00114,2024-05-29,Delivered
O002956,C00087,2024-05-29,Delivered
O001413,C00085,2024-05-29,Delivered
O002766,C00049,2024-05-28,Delivered
O000624,C00377,2024-05-28,Delivered
O001828,C00088,2024-05-27,Delivered
O000637,C00304,2024-05-25,Delivered
O001657,C00211,2024-05-25,Delivered
O001006,C00288,2024-05-25,Delivered
O001353,C00339,2024-05-25,Delivered
O000521,C00220,2024-05-25,Delivered
O000654,C00221,2024-05-25,Delivered
O000682,C00069,2024-05-24,Delivered
O001225,C00209,2024-05-24,Delivered
O001658,C00152,2024-05-22,Delivered
O001299,C00030,2024-05-22,Delivered
O001893,C00097,2024-05-22,Delivered
O000641,C00319,2024-05-21,Delivered
O002649,C00280,2024-05-21,Delivered
O002441,C00021,2024-05-21,Delivered
O000882,C00241,2024-05-21,Delivered
O001811,C00255,2024-05-19,Delivered
O001599,C00373,2024-05-19,Delivered
O002477,C00211,2024-05-19,Delivered
O002642,C00028,2024-05-19,Delivered
O002682,C00260,2024-05-19,Delivered
O001800,C00215,2024-05-18,Delivered
O000862,C00108,2024-05-17,Delivered
O000997,C00174,2024-05-17,Delivered
O000726,C00163,2024-05-17,Delivered
O000029,C00075,2024-05-17,Delivered
O001266,C00312,2024-05-17,Delivered
O000581,C00078,2024-05-17,Delivered
O002393,C00320,2024-05-17,Delivered
O001365,C00038,2024-05-16,Delivered
O002517,C00307,2024-05-16,Delivered
O000630,C00345,2024-05-16,Delivered
O001624,C00138,2024-05-15,Delivered
O000405,C00375,2024-05-15,Delivered
O000768,C00354,2024-05-15,Delivered
O000194,C00325,2024-05-15,Delivered
O001908,C00004,2024-05-14,Delivered
O001934,C00087,2024-05-14,Delivered
O000734,C00224,2024-05-14,Delivered
O001142,C00364,2024-05-13,Delivered
O000771,C00224,2024-05-13,Delivered
O001940,C00205,2024-05-12,Delivered
O000205,C00014,2024-05-12,Delivered
O001099,C00024,2024-05-12,Delivered
O002831,C00213,2024-05-12,Delivered
O000095,C00266,2024-05-11,Delivered
O002748,C00226,2024-05-11,Delivered
O001053,C00317,2024-05-10,Delivered
O000011,C00099,2024-05-09,Delivered
O001411,C00232,2024-05-09,Delivered
O002062,C00135,2024-05-09,Delivered
O002494,C00247,2024-05-09,Delivered
O000649,C00124,2024-05-09,Delivered
O002117,C00244,2024-05-09,Delivered
O000115,C00059,2024-05-09,Delivered
O000866,C00392,2024-05-08,Delivered
O002160,C00144,2024-05-08,Delivered
O002777,C00266,2024-05-08,Delivered
O002936,C00390,2024-05-07,Delivered
O002600,C00034,2024-05-07,Delivered
O001381,C00247,2024-05-07,Delivered
O002061,C00398,2024-05-07,Delivered
O001264,C00377,2024-05-06,Delivered
O001190,C00137,2024-05-05,Delivered
O001711,C00387,2024-05-05,Delivered
O002429,C00111,2024-05-05,Delivered
O001021,C00123,2024-05-05,Delivered
O001928,C00160,2024-05-04,Delivered
O001889,C00177,2024-05-03,Delivered
O002792,C00360,2024-05-03,Delivered
O002734,C00393,2024-05-03,Delivered
O000459,C00088,2024-05-03,Delivered
O000763,C00115,2024-05-02,Delivered
O000299,C00044,2024-05-02,Delivered
O001506,C00276,2024-05-02,Delivered
O002681,C00110,2024-05-02,Delivered
O000742,C00386,2024-05-02,Delivered
O000066,C00086,2024-05-02,Delivered
O001770,C00163,2024-05-02,Delivered
O000751,C00313,2024-05-01,Delivered
O000339,C00026,2024-04-30,Delivered
O000140,C00168,2024-04-30,Delivered
O001567,C00265,2024-04-30,Delivered
O001867,C00322,2024-04-29,Delivered
O000662,C00375,2024-04-28,Delivered
O001249,C00375,2024-04-28,Delivered
O002890,C00288,2024-04-28,Delivered
O000202,C00345,2024-04-26,Delivered
O000926,C00393,2024-04-26,Delivered
O002841,C00305,2024-04-26,Delivered
O002230,C00083,2024-04-26,Delivered
O002704,C00363,2024-04-25,Delivered
O002723,C00097,2024-04-25,Delivered
O000164,C00179,2024-04-25,Delivered
O001679,C00163,2024-04-25,Delivered
O000150,C00060,2024-04-24,Delivered
O002550,C00296,2024-04-24,Delivered
O001342,C00241,2024-04-24,Delivered
O002743,C00068,2024-04-23,Delivered
O001321,C00035,2024-04-23,Delivered
O000471,C00050,2024-04-22,Delivered
O002132,C00212,2024-04-21,Delivered
O000247,C00230,2024-04-20,Delivered
O001272,C00010,2024-04-20,Delivered
O000311,C00107,2024-04-20,Delivered
O000280,C00075,2024-04-19,Delivered
O001116,C00044,2024-04-19,Delivered
O001645,C00315,2024-04-18,Delivered
O000276,C00203,2024-04-18,Delivered
O000214,C00239,2024-04-18,Delivered
O002987,C00342,2024-04-17,Delivered
O000356,C00195,2024-04-17,Delivered
O001397,C00152,2024-04-17,Delivered
O001683,C00372,2024-04-16,Delivered
O001094,C00378,2024-04-16,Delivered
O000849,C00009,2024-04-16,Delivered
O001511,C00032,2024-04-16,Delivered
O002891,C00345,2024-04-15,Delivered
O002363,C00302,2024-04-14,Delivered
O000085,C00053,2024-04-11,Delivered
O002722,C00043,2024-04-11,Delivered
O001415,C00337,2024-04-11,Delivered
O001425,C00194,2024-04-10,Delivered
O000725,C00142,2024-04-10,Delivered
O001257,C00300,2024-04-10,Delivered
O001943,C00385,2024-04-09,Delivered
O000838,C00351,2024-04-08,Delivered
O002147,C00135,2024-04-07,Delivered
O002186,C00001,2024-04-07,Delivered
O000129,C00049,2024-04-07,Delivered
O002580,C00011,2024-04-06,Delivered
O002856,C00193,2024-04-05,Delivered
O000130,C00161,2024-04-05,Delivered
O001892,C00189,2024-04-05,Delivered
O000664,C00243,2024-04-05,Delivered
O002389,C00353,2024-04-04,Delivered
O001473,C00069,2024-04-03,Delivered
O001502,C00100,2024-04-02,Delivered
O002829,C00011,2024-04-01,Delivered
O002454,C00145,2024-04-01,Delivered
O002219,C00097,2024-03-31,Delivered
O000914,C00283,2024-03-31,Delivered
O000577,C00295,2024-03-31,Delivered
O000318,C00102,2024-03-31,Delivered
O001703,C00165,2024-03-29,Delivered
O001286,C00189,2024-03-29,Delivered
O001871,C00398,2024-03-27,Delivered
O001955,C00089,2024-03-26,Delivered
O002710,C00040,2024-03-25,Delivered
O001764,C00348,2024-03-25,Delivered
O002512,C00298,2024-03-24,Delivered
O000036,C00167,2024-03-24,Delivered
O001560,C00016,2024-03-23,Delivered
O000898,C00127,2024-03-23,Delivered
O001621,C00094,2024-03-23,Delivered
O000216,C00151,2024-03-22,Delivered
O002628,C00115,2024-03-22,Delivered
O001363,C00158,2024-03-22,Delivered
O002923,C00275,2024-03-21,Delivered
O001669,C00054,2024-03-21,Delivered
O001758,C00148,2024-03-21,Delivered
O001824,C00356,2024-03-20,Delivered
O000243,C00354,2024-03-19,Delivered
O002433,C00255,2024-03-18,Delivered
O001825,C00264,2024-03-18,Delivered
O002337,C00240,2024-03-18,Delivered
O002173,C00280,2024-03-18,Delivered
O002409,C00271,2024-03-17,Delivered
O000154,C00099,2024-03-17,Delivered
O001388,C00395,2024-03-17,Delivered
O001684,C00381,2024-03-16,Delivered
O002715,C00310,2024-03-16,Delivered
O000953,C00348,2024-03-16,Delivered
O000259,C00255,2024-03-15,Delivered
O001092,C00099,2024-03-15,Delivered
O001401,C00214,2024-03-14,Delivered
O001616,C00396,2024-03-14,Delivered
O000377,C00299,2024-03-13,Delivered
O002225,C00058,2024-03-13,Delivered
O000322,C00343,2024-03-13,Delivered
O000212,C00174,2024-03-13,Delivered
O002805,C00188,2024-03-12,Delivered
O000728,C00393,2024-03-12,Delivered
O000429,C00084,2024-03-12,Delivered
O001183,C00192,2024-03-12,Delivered
O001269,C00225,2024-03-11,Delivered
O001644,C00150,2024-03-11,Delivered
O000340,C00063,2024-03-11,Delivered
O002217,C00020,2024-03-10,Delivered
O002869,C00315,2024-03-10,Delivered
O001951,C00109,2024-03-09,Delivered
O002275,C00145,2024-03-09,Delivered
O002547,C00140,2024-03-09,Delivered
O002403,C00275,2024-03-09,Delivered
O000805,C00378,2024-03-08,Delivered
O001753,C00400,2024-03-08,Delivered
O001642,C00050,2024-03-08,Delivered
O002774,C00133,2024-03-08,Delivered
O000527,C00264,2024-03-07,Delivered
O000499,C00049,2024-03-07,Delivered
O000479,C00309,2024-03-06,Delivered
O001127,C00332,2024-03-05,Delivered
O002407,C00337,2024-03-05,Delivered
O000071,C00201,2024-03-05,Delivered
O002686,C00256,2024-03-05,Delivered
O000434,C00115,2024-03-04,Delivered
O000304,C00154,2024-03-03,Delivered
O001500,C00348,2024-03-03,Delivered
O000755,C00099,2024-03-03,Delivered
O002523,C00313,2024-03-03,Delivered
O002528,C00236,2024-03-03,Delivered
O000004,C00073,2024-03-02,Delivered
O001935,C00382,2024-03-02,Delivered
O000456,C00388,2024-03-02,Delivered
O000100,C00304,2024-03-01,Delivered
O001538,C00309,2024-03-01,Delivered
O001035,C00295,2024-02-29,Delivered
O000712,C00072,2024-02-29,Delivered
O001488,C00247,2024-02-29,Delivered
O000939,C00289,2024-02-29,Delivered
O002612,C00311,2024-02-29,Delivered
O001206,C00052,2024-02-28,Delivered
O002181,C00183,2024-02-28,Delivered
O002345,C00327,2024-02-28,Delivered
O000452,C00337,2024-02-28,Delivered
O000718,C00375,2024-02-28,Delivered
O000469,C00235,2024-02-28,Delivered
O002262,C00307,2024-02-27,Delivered
O001987,C00327,2024-02-27,Delivered
O001551,C00330,2024-02-27,Delivered
O002162,C00288,2024-02-26,Delivered
O002272,C00376,2024-02-25,Delivered
O002206,C00007,2024-02-25,Delivered
O000752,C00255,2024-02-24,Delivered
O001776,C00058,2024-02-23,Delivered
O002457,C00157,2024-02-23,Delivered
O001051,C00145,2024-02-22,Delivered
O001790,C00317,2024-02-22,Delivered
O000227,C00067,2024-02-22,Delivered
O001563,C00140,2024-02-22,Delivered
O001138,C00091,2024-02-21,Delivered
O001617,C00291,2024-02-21,Delivered
O002277,C00264,2024-02-21,Delivered
O002746,C00028,2024-02-20,Delivered
O000844,C00149,2024-02-19,Delivered
O001178,C00169,2024-02-18,Delivered
O001435,C00311,2024-02-17,Delivered
O001817,C00298,2024-02-17,Delivered
O000627,C00102,2024-02-16,Delivered
O002943,C00273,2024-02-16,Delivered
O001677,C00028,2024-02-16,Delivered
O000706,C00317,2024-02-15,Delivered
O002119,C00354,2024-02-15,Delivered
O002067,C00314,2024-02-14,Delivered
O000384,C00188,2024-02-13,Delivered
O001602,C00168,2024-02-13,Delivered
O002475,C00282,2024-02-13,Delivered
O002029,C00359,2024-02-12,Delivered
O000974,C00242,2024-02-12,Delivered
O002806,C00048,2024-02-12,Delivered
O001008,C00259,2024-02-11,Delivered
O000079,C00227,2024-02-11,Delivered
O001182,C00252,2024-02-10,Delivered
O002473,C00124,2024-02-09,Delivered
O002739,C00238,2024-02-09,Delivered
O002038,C00077,2024-02-09,Delivered
O001379,C00016,2024-02-08,Delivered
O001539,C00269,2024-02-08,Delivered
O001936,C00040,2024-02-07,Delivered
O002602,C00260,2024-02-06,Delivered
O002451,C00213,2024-02-06,Delivered
O001295,C00019,2024-02-05,Delivered
O002040,C00041,2024-02-05,Delivered
O002424,C00111,2024-02-04,Delivered
O001944,C00125,2024-02-04,Delivered
O002510,C00099,2024-02-03,Delivered
O000414,C00077,2024-02-03,Delivered
O000534,C00301,2024-02-03,Delivered
O001179,C00038,2024-02-03,Delivered
O000834,C00041,2024-02-02,Delivered
O001643,C00158,2024-02-02,Delivered
O000394,C00224,2024-02-02,Delivered
O002698,C00302,2024-02-01,Delivered
O001673,C00241,2024-02-01,Delivered
O000786,C00217,2024-02-01,Delivered
O000748,C00225,2024-01-31,Delivered
O001077,C00062,2024-01-31,Delivered
O000730,C00205,2024-01-30,Delivered
O001787,C00094,2024-01-30,Delivered
O002003,C00035,2024-01-30,Delivered
O001356,C00130,2024-01-29,Delivered
O000402,C00386,2024-01-27,Delivered
O000555,C00092,2024-01-27,Delivered
O000666,C00012,2024-01-27,Delivered
O001346,C00308,2024-01-27,Delivered
O000753,C00035,2024-01-26,Delivered
O000392,C00392,2024-01-26,Delivered
O002214,C00279,2024-01-26,Delivered
O001093,C00368,2024-01-25,Delivered
O001806,C00176,2024-01-25,Delivered
O000921,C00306,2024-01-24,Delivered
O001558,C00056,2024-01-23,Delivered
O000653,C00171,2024-01-23,Delivered
O000897,C00223,2024-01-23,Delivered
O001619,C00350,2024-01-23,Delivered
O000298,C00358,2024-01-22,Delivered
O000028,C00295,2024-01-22,Delivered
O000064,C00398,2024-01-22,Delivered
O001508,C00017,2024-01-22,Delivered
O002057,C00076,2024-01-21,Delivered
O000542,C00393,2024-01-21,Delivered
O001311,C00097,2024-01-21,Delivered
O001785,C00210,2024-01-20,Delivered
O001476,C00185,2024-01-20,Delivered
O000366,C00250,2024-01-20,Delivered
O002974,C00151,2024-01-20,Delivered
O001318,C00165,2024-01-20,Delivered
O000373,C00399,2024-01-19,Delivered
O001769,C00026,2024-01-19,Delivered
O000622,C00239,2024-01-19,Delivered
O000346,C00069,2024-01-19,Delivered
O002783,C00271,2024-01-19,Delivered
O002506,C00026,2024-01-19,Delivered
O001100,C00047,2024-01-18,Delivered
O000792,C00334,2024-01-17,Delivered
O001593,C00067,2024-01-17,Delivered
O001533,C00294,2024-01-17,Delivered
O001366,C00040,2024-01-16,Delivered
O000087,C00396,2024-01-16,Delivered
O000068,C00003,2024-01-16,Delivered
O001561,C00319,2024-01-15,Delivered
O002963,C00048,2024-01-15,Delivered
O001361,C00289,2024-01-15,Delivered
O000592,C00313,2024-01-14,Delivered
O002309,C00186,2024-01-13,Delivered
O002697,C00117,2024-01-13,Delivered
O001743,C00010,2024-01-12,Delivered
O002011,C00306,2024-01-12,Delivered
O000552,C00075,2024-01-11,Delivered
O002744,C00070,2024-01-11,Delivered
O000951,C00238,2024-01-10,Delivered
O001149,C00161,2024-01-10,Delivered
O002944,C00393,2024-01-10,Delivered
O003000,C00139,2024-01-10,Delivered
O002571,C00317,2024-01-09,Delivered
O000745,C00252,2024-01-08,Delivered
O002892,C00376,2024-01-07,Delivered
O002894,C00271,2024-01-07,Delivered
O001507,C00201,2024-01-07,Delivered
O000077,C00241,2024-01-07,Delivered
O000876,C00018,2024-01-06,Delivered
O002574,C00164,2024-01-06,Delivered
O002034,C00294,2024-01-06,Delivered
O000980,C00372,2024-01-05,Delivered
O001514,C00021,2024-01-05,Delivered
O001883,C00380,2024-01-05,Delivered
O002202,C00354,2024-01-04,Delivered
O002781,C00391,2024-01-04,Delivered
O001866,C00328,2024-01-04,Delivered
O000102,C00288,2024-01-02,Delivered
O002419,C00134,2024-01-02,Delivered
O001996,C00388,2024-01-01,Delivered
O001262,C00222,2023-12-31,Delivered
O000462,C00344,2023-12-31,Delivered
O002153,C00064,2023-12-30,Delivered
O001212,C00337,2023-12-30,Delivered
O002859,C00054,2023-12-30,Delivered
O000693,C00177,2023-12-29,Delivered
O002385,C00290,2023-12-29,Delivered
O001978,C00012,2023-12-28,Delivered
O000065,C00278,2023-12-28,Delivered
O002074,C00022,2023-12-28,Delivered
O000517,C00121,2023-12-28,Delivered
O002558,C00218,2023-12-28,Delivered
O002864,C00148,2023-12-27,Delivered
O001918,C00238,2023-12-27,Delivered
O000341,C00097,2023-12-27,Delivered
O000023,C00394,2023-12-27,Delivered
O001687,C00215,2023-12-26,Delivered
O001165,C00132,2023-12-25,Delivered
O002480,C00010,2023-12-25,Delivered
O002735,C00389,2023-12-24,Delivered
O002693,C00334,2023-12-24,Delivered
O000836,C00351,2023-12-23,Delivered
O000900,C00006,2023-12-23,Delivered
O000353,C00274,2023-12-22,Delivered
O001453,C00373,2023-12-21,Delivered
O000924,C00261,2023-12-20,Delivered
O000082,C00035,2023-12-19,Delivered
O002676,C00143,2023-12-19,Delivered
O000492,C00378,2023-12-18,Delivered
O000784,C00278,2023-12-18,Delivered
O002445,C00125,2023-12-18,Delivered
O000691,C00198,2023-12-17,Delivered
O002998,C00069,2023-12-17,Delivered
O002897,C00299,2023-12-17,Delivered
O001098,C00143,2023-12-17,Delivered
O001875,C00224,2023-12-16,Delivered
O001341,C00072,2023-12-15,Delivered
O001132,C00047,2023-12-14,Delivered
O001780,C00399,2023-12-14,Delivered
O000336,C00271,2023-12-13,Delivered
O000292,C00281,2023-12-13,Delivered
O001171,C00255,2023-12-12,Delivered
O002096,C00118,2023-12-12,Delivered
O000993,C00161,2023-12-12,Delivered
O000171,C00361,2023-12-12,Delivered
O001378,C00346,2023-12-12,Delivered
O001584,C00139,2023-12-10,Delivered
O001695,C00116,2023-12-10,Delivered
O000943,C00127,2023-12-10,Delivered
O002053,C00364,2023-12-10,Delivered
O001062,C00105,2023-12-09,Delivered
O001919,C00311,2023-12-09,Delivered
O002465,C00379,2023-12-09,Delivered
O000178,C00296,2023-12-08,Delivered
O001505,C00337,2023-12-07,Delivered
O000750,C00263,2023-12-06,Delivered
O001995,C00063,2023-12-06,Delivered
O000855,C00317,2023-12-05,Delivered
O002266,C00014,2023-12-05,Delivered
O002069,C00316,2023-12-05,Delivered
O000177,C00140,2023-12-04,Delivered
O001246,C00395,2023-12-04,Delivered
O002005,C00204,2023-12-04,Delivered
O002965,C00372,2023-12-03,Delivered
O001813,C00281,2023-12-02,Delivered
O002908,C00275,2023-12-02,Delivered
O000357,C00035,2023-12-01,Delivered
O001816,C00192,2023-12-01,Delivered
O000859,C00293,2023-12-01,Delivered
O001429,C00085,2023-11-30,Delivered
O001398,C00279,2023-11-30,Delivered
O001757,C00369,2023-11-30,Delivered
O000769,C00166,2023-11-29,Delivered
O000590,C00116,2023-11-28,Delivered
O002874,C00211,2023-11-28,Delivered
O002960,C00163,2023-11-27,Delivered
O000498,C00242,2023-11-26,Delivered
O000431,C00203,2023-11-26,Delivered
O000825,C00210,2023-11-25,Delivered
O001390,C00181,2023-11-25,Delivered
O000727,C00284,2023-11-25,Delivered
O001010,C00279,2023-11-25,Delivered
O001994,C00398,2023-11-25,Delivered
O002833,C00273,2023-11-25,Delivered
O000713,C00187,2023-11-24,Delivered
O002591,C00356,2023-11-24,Delivered
O002721,C00151,2023-11-24,Delivered
O002740,C00343,2023-11-23,Delivered
O000146,C00323,2023-11-23,Delivered
O001671,C00332,2023-11-22,Delivered
O000501,C00127,2023-11-21,Delivered
O000141,C00251,2023-11-20,Delivered
O001686,C00099,2023-11-19,Delivered
O001197,C00038,2023-11-18,Delivered
O000574,C00041,2023-11-18,Delivered
O000551,C00154,2023-11-18,Delivered
O000507,C00043,2023-11-17,Delivered
O002928,C00091,2023-11-16,Delivered
O002278,C00154,2023-11-16,Delivered
O001306,C00150,2023-11-16,Delivered
O002065,C00028,2023-11-16,Delivered
O002334,C00069,2023-11-15,Delivered
O000959,C00047,2023-11-15,Delivered
O002398,C00317,2023-11-15,Delivered
O000888,C00339,2023-11-15,Delivered
O002425,C00101,2023-11-14,Delivered
O002208,C00265,2023-11-13,Delivered
O002369,C00384,2023-11-12,Delivered
O001625,C00028,2023-11-11,Delivered
O002793,C00259,2023-11-09,Delivered
O001293,C00115,2023-11-09,Delivered
O000416,C00336,2023-11-09,Delivered
O002838,C00134,2023-11-07,Delivered
O001143,C00068,2023-11-07,Delivered
O000816,C00220,2023-11-07,Delivered
O001953,C00242,2023-11-07,Delivered
O002195,C00234,2023-11-06,Delivered
O001878,C00223,2023-11-06,Delivered
O002551,C00328,2023-11-05,Delivered
O002594,C00211,2023-11-04,Delivered
O000372,C00139,2023-11-04,Delivered
O000139,C00270,2023-11-04,Delivered
O001258,C00327,2023-11-04,Delivered
O002228,C00108,2023-11-03,Delivered
O001240,C00294,2023-11-02,Delivered
O002232,C00361,2023-11-01,Delivered
O002933,C00197,2023-11-01,Delivered
O001223,C00183,2023-10-31,Delivered
O001868,C00201,2023-10-31,Delivered
O001979,C00342,2023-10-30,Delivered
O002786,C00328,2023-10-30,Delivered
O000615,C00051,2023-10-30,Delivered
O002248,C00318,2023-10-29,Delivered
O002953,C00214,2023-10-29,Delivered
O000342,C00139,2023-10-29,Delivered
O002263,C00368,2023-10-29,Delivered
O000408,C00097,2023-10-28,Delivered
O000582,C00367,2023-10-27,Delivered
O001243,C00111,2023-10-27,Delivered
O002873,C00303,2023-10-26,Delivered
O001276,C00234,2023-10-26,Delivered
O001211,C00331,2023-10-26,Delivered
O000597,C00348,2023-10-25,Delivered
O001948,C00090,2023-10-25,Delivered
O000949,C00194,2023-10-24,Delivered
O001215,C00341,2023-10-24,Delivered
O000533,C00168,2023-10-24,Delivered
O002625,C00290,2023-10-23,Delivered
O002295,C00164,2023-10-22,Delivered
O002867,C00178,2023-10-21,Delivered
O002318,C00223,2023-10-21,Delivered
O002896,C00150,2023-10-21,Delivered
O001699,C00389,2023-10-20,Delivered
O002055,C00123,2023-10-19,Delivered
O000591,C00005,2023-10-19,Delivered
O001751,C00324,2023-10-19,Delivered
O002041,C00249,2023-10-18,Delivered
O002081,C00227,2023-10-17,Delivered
O002304,C00156,2023-10-16,Delivered
O002828,C00330,2023-10-15,Delivered
O000821,C00333,2023-10-15,Delivered
O002360,C00349,2023-10-15,Delivered
O002047,C00229,2023-10-14,Delivered
O000813,C00011,2023-10-13,Delivered
O001405,C00108,2023-10-13,Delivered
O000225,C00084,2023-10-12,Delivered
O002730,C00365,2023-10-12,Delivered
O001135,C00024,2023-10-12,Delivered
O001493,C00318,2023-10-12,Delivered
O000830,C00046,2023-10-11,Delivered
O000119,C00399,2023-10-10,Delivered
O000701,C00122,2023-10-10,Delivered
O002157,C00090,2023-10-10,Delivered
O000511,C00103,2023-10-10,Delivered
O002070,C00320,2023-10-09,Delivered
O002382,C00297,2023-10-08,Delivered
O001754,C00377,2023-10-08,Delivered
O000777,C00084,2023-10-07,Delivered
O000242,C00142,2023-10-07,Delivered
O002105,C00178,2023-10-07,Delivered
O002330,C00116,2023-10-07,Delivered
O002643,C00068,2023-10-06,Delivered
O002824,C00075,2023-10-04,Delivered
O001188,C00322,2023-10-04,Delivered
O000620,C00012,2023-10-03,Delivered
O002128,C00362,2023-10-03,Delivered
O002493,C00044,2023-10-02,Delivered
O001113,C00243,2023-10-02,Delivered
O000273,C00145,2023-10-02,Delivered
O000239,C00320,2023-10-01,Delivered
O001492,C00300,2023-10-01,Delivered
O001236,C00190,2023-09-30,Delivered
O000776,C00369,2023-09-30,Delivered
O001031,C00141,2023-09-30,Delivered
O002045,C00364,2023-09-29,Delivered
O000175,C00094,2023-09-29,Delivered
O002287,C00235,2023-09-29,Delivered
O001559,C00353,2023-09-28,Delivered
O001324,C00291,2023-09-28,Delivered
O002569,C00113,2023-09-27,Delivered
O002431,C00037,2023-09-27,Delivered
O002030,C00394,2023-09-26,Delivered
O002756,C00064,2023-09-26,Delivered
O001756,C00281,2023-09-25,Delivered
O002814,C00003,2023-09-25,Delivered
O000012,C00013,2023-09-25,Delivered
O001001,C00165,2023-09-24,Delivered
O000669,C00203,2023-09-24,Delivered
O002887,C00046,2023-09-24,Delivered
O001922,C00134,2023-09-24,Delivered
O002104,C00391,2023-09-22,Delivered
O001326,C00047,2023-09-22,Delivered
O001969,C00268,2023-09-22,Delivered
O002757,C00376,2023-09-21,Delivered
O000735,C00101,2023-09-20,Delivered
O000656,C00246,2023-09-20,Delivered
O001851,C00076,2023-09-20,Delivered
O002100,C00223,2023-09-19,Delivered
O002432,C00233,2023-09-17,Delivered
O001766,C00213,2023-09-17,Delivered
O001907,C00145,2023-09-17,Delivered
O001250,C00205,2023-09-16,Delivered
O001547,C00194,2023-09-16,Delivered
O002617,C00397,2023-09-16,Delivered
O000543,C00285,2023-09-15,Delivered
O002110,C00079,2023-09-15,Delivered
O002535,C00305,2023-09-14,Delivered
O000738,C00377,2023-09-14,Delivered
O000908,C00159,2023-09-14,Delivered
O001762,C00394,2023-09-13,Delivered
O002879,C00390,2023-09-13,Delivered
O002565,C00055,2023-09-13,Delivered
O000106,C00328,2023-09-13,Delivered
O002051,C00164,2023-09-13,Delivered
O000687,C00216,2023-09-13,Delivered
O000013,C00203,2023-09-12,Delivered
O001938,C00400,2023-09-12,Delivered
O002763,C00216,2023-09-12,Delivered
O002728,C00340,2023-09-11,Delivered
O002758,C00356,2023-09-10,Delivered
O000269,C00184,2023-09-10,Delivered
O001255,C00275,2023-09-10,Delivered
O002010,C00087,2023-09-09,Delivered
O000711,C00257,2023-09-09,Delivered
O002307,C00184,2023-09-09,Delivered
O002529,C00280,2023-09-09,Delivered
O000518,C00069,2023-09-08,Delivered
O001220,C00032,2023-09-08,Delivered
O002351,C00092,2023-09-07,Delivered
O001706,C00361,2023-09-07,Delivered
O002268,C00084,2023-09-06,Delivered
O000702,C00331,2023-09-06,Delivered
O001731,C00295,2023-09-05,Delivered
O000933,C00376,2023-09-05,Delivered
O002131,C00349,2023-09-05,Delivered
O001761,C00235,2023-09-04,Delivered
O001968,C00316,2023-09-04,Delivered
O000245,C00338,2023-09-04,Delivered
O002632,C00296,2023-09-04,Delivered
O001150,C00273,2023-09-03,Delivered
O000877,C00343,2023-09-03,Delivered
O000703,C00378,2023-09-02,Delivered
O002509,C00354,2023-09-02,Delivered
O000180,C00109,2023-09-02,Delivered
O001707,C00091,2023-09-01,Delivered
O000161,C00396,2023-08-31,Delivered
O001849,C00040,2023-08-31,Delivered
O000262,C00206,2023-08-30,Delivered
O000040,C00284,2023-08-29,Delivered
O000015,C00319,2023-08-29,Delivered
O001419,C00188,2023-08-29,Delivered
O000874,C00073,2023-08-29,Delivered
O002397,C00201,2023-08-27,Delivered
O002498,C00147,2023-08-27,Delivered
O001906,C00003,2023-08-27,Delivered
O001904,C00063,2023-08-25,Delivered
O001957,C00119,2023-08-25,Delivered
O001524,C00276,2023-08-25,Delivered
O002785,C00067,2023-08-25,Delivered
O002731,C00009,2023-08-25,Delivered
O002688,C00353,2023-08-24,Delivered
O000913,C00254,2023-08-23,Delivered
O000971,C00144,2023-08-23,Delivered
O001840,C00362,2023-08-22,Delivered
O000516,C00285,2023-08-22,Delivered
O002114,C00248,2023-08-22,Delivered
O000765,C00165,2023-08-22,Delivered
O002641,C00358,2023-08-21,Delivered
O001057,C00329,2023-08-21,Delivered
O000001,C00138,2023-08-20,Delivered
O001447,C00107,2023-08-19,Delivered
O000403,C00037,2023-08-19,Delivered
O002687,C00134,2023-08-19,Delivered
O002669,C00246,2023-08-18,Delivered
O001597,C00283,2023-08-17,Delivered
O001977,C00272,2023-08-17,Delivered
O002258,C00367,2023-08-17,Delivered
O002678,C00006,2023-08-17,Delivered
O000483,C00170,2023-08-17,Delivered
O002657,C00073,2023-08-17,Delivered
O002063,C00067,2023-08-16,Delivered
O001527,C00101,2023-08-16,Delivered
O001433,C00125,2023-08-16,Delivered
O002830,C00304,2023-08-14,Delivered
O002411,C00181,2023-08-14,Delivered
O002000,C00091,2023-08-14,Delivered
O000395,C00022,2023-08-13,Delivered
O001562,C00312,2023-08-13,Delivered
O001526,C00033,2023-08-12,Delivered
O001189,C00172,2023-08-12,Delivered
O002007,C00330,2023-08-12,Delivered
O001123,C00220,2023-08-12,Delivered
O002559,C00092,2023-08-12,Delivered
O001360,C00253,2023-08-12,Delivered
O001076,C00169,2023-08-11,Delivered
O001638,C00049,2023-08-11,Delivered
O002630,C00262,2023-08-11,Delivered
O001899,C00349,2023-08-11,Delivered
O001003,C00392,2023-08-11,Delivered
O001736,C00089,2023-08-11,Delivered
O000143,C00075,2023-08-10,Delivered
O001636,C00091,2023-08-10,Delivered
O001874,C00152,2023-08-09,Delivered
O000497,C00081,2023-08-09,Delivered
O000634,C00001,2023-08-09,Delivered
O001696,C00394,2023-08-09,Delivered
O000074,C00068,2023-08-09,Delivered
O002256,C00372,2023-08-08,Delivered
O000421,C00064,2023-08-07,Delivered
O001831,C00163,2023-08-07,Delivered
O002193,C00245,2023-08-07,Delivered
O000948,C00191,2023-08-06,Delivered
O000510,C00196,2023-08-06,Delivered
O002201,C00327,2023-08-06,Delivered
O002098,C00030,2023-08-05,Delivered
O002423,C00345,2023-08-05,Delivered
O002317,C00165,2023-08-04,Delivered
O002751,C00300,2023-08-04,Delivered
O002137,C00043,2023-08-04,Delivered
O000491,C00184,2023-08-04,Delivered
O000397,C00174,2023-08-04,Delivered
O002056,C00184,2023-08-03,Delivered
O002133,C00296,2023-08-03,Delivered
O000774,C00016,2023-08-03,Delivered
O000998,C00326,2023-08-03,Delivered
O000338,C00380,2023-08-03,Delivered
O000996,C00015,2023-08-02,Delivered
O002091,C00286,2023-08-02,Delivered
O000645,C00069,2023-07-31,Delivered
O001071,C00280,2023-07-31,Delivered
O002635,C00189,2023-07-30,Delivered
O002694,C00268,2023-07-30,Delivered
O001570,C00118,2023-07-30,Delivered
O002302,C00295,2023-07-29,Delivered
O002719,C00259,2023-07-29,Delivered
O001005,C00229,2023-07-28,Delivered
O001418,C00095,2023-07-28,Delivered
O000831,C00002,2023-07-28,Delivered
O002964,C00308,2023-07-27,Delivered
O002549,C00180,2023-07-26,Delivered
O001622,C00210,2023-07-26,Delivered
O001577,C00017,2023-07-25,Delivered
O002410,C00093,2023-07-25,Delivered
O000789,C00225,2023-07-24,Delivered
O000811,C00184,2023-07-23,Delivered
O001990,C00178,2023-07-23,Delivered
O001030,C00173,2023-07-23,Delivered
O000370,C00370,2023-07-22,Delivered
O000423,C00023,2023-07-22,Delivered
O000911,C00201,2023-07-22,Delivered
O001836,C00146,2023-07-22,Delivered
O001941,C00159,2023-07-22,Delivered
O001815,C00245,2023-07-21,Delivered
O002703,C00259,2023-07-20,Delivered
O002489,C00012,2023-07-20,Delivered
O001988,C00211,2023-07-19,Delivered
O002709,C00032,2023-07-19,Delivered
O001195,C00138,2023-07-19,Delivered
O001960,C00363,2023-07-17,Delivered
O002860,C00089,2023-07-17,Delivered
O001525,C00346,2023-07-15,Delivered
O002436,C00233,2023-07-15,Delivered
O001983,C00161,2023-07-14,Delivered
O001164,C00041,2023-07-14,Delivered
O001317,C00092,2023-07-13,Delivered
O001280,C00136,2023-07-13,Delivered
O002782,C00263,2023-07-12,Delivered
O002354,C00122,2023-07-12,Delivered
O001268,C00229,2023-07-12,Delivered
O000892,C00129,2023-07-12,Delivered
O000393,C00109,2023-07-12,Delivered
O002313,C00011,2023-07-12,Delivered
O002972,C00385,2023-07-11,Delivered
O002552,C00309,2023-07-11,Delivered
O000086,C00028,2023-07-10,Delivered
O001184,C00041,2023-07-10,Delivered
O002187,C00022,2023-07-10,Delivered
O000613,C00336,2023-07-10,Delivered
O001741,C00246,2023-07-09,Delivered
O001603,C00195,2023-07-08,Delivered
O001368,C00298,2023-07-08,Delivered
O000894,C00288,2023-07-08,Delivered
O000633,C00028,2023-07-08,Delivered
O002910,C00349,2023-07-08,Delivered
O001036,C00032,2023-07-07,Delivered
O000051,C00328,2023-07-06,Delivered
O002396,C00221,2023-07-05,Delivered
O001997,C00066,2023-07-05,Delivered
O001364,C00225,2023-07-04,Delivered
O002446,C00226,2023-07-04,Delivered
O001464,C00074,2023-07-04,Delivered
O000661,C00018,2023-07-03,Delivered
O002209,C00208,2023-07-03,Delivered
O000598,C00219,2023-07-03,Delivered
O000782,C00232,2023-07-02,Delivered
O000984,C00005,2023-07-02,Delivered
O002308,C00176,2023-07-02,Delivered
O002017,C00361,2023-07-02,Delivered
O000481,C00171,2023-07-01,Delivered
O000991,C00125,2023-07-01,Delivered
O000764,C00134,2023-06-30,Delivered
O001719,C00311,2023-06-30,Delivered
O002404,C00072,2023-06-30,Delivered
O001484,C00394,2023-06-29,Delivered
O002059,C00230,2023-06-29,Delivered
O001029,C00076,2023-06-29,Delivered
O001585,C00217,2023-06-29,Delivered
O002779,C00251,2023-06-28,Delivered
O001119,C00041,2023-06-28,Delivered
O002771,C00190,2023-06-28,Delivered
O000989,C00213,2023-06-27,Delivered
O002563,C00392,2023-06-27,Delivered
O002659,C00284,2023-06-27,Delivered
O002606,C00219,2023-06-26,Delivered
O002762,C00155,2023-06-26,Delivered
O002079,C00332,2023-06-26,Delivered
O001025,C00340,2023-06-26,Delivered
O000642,C00284,2023-06-26,Delivered
O002508,C00147,2023-06-25,Delivered
O002616,C00286,2023-06-25,Delivered
O000929,C00022,2023-06-24,Delivered
O002322,C00202,2023-06-24,Delivered
O001305,C00199,2023-06-24,Delivered
O000152,C00166,2023-06-24,Delivered
O001710,C00059,2023-06-23,Delivered
O001670,C00228,2023-06-23,Delivered
O000230,C00317,2023-06-22,Delivered
O001555,C00350,2023-06-22,Delivered
O001377,C00080,2023-06-21,Delivered
O002372,C00065,2023-06-20,Delivered
O001647,C00174,2023-06-20,Delivered
O001693,C00211,2023-06-20,Delivered
O000381,C00070,2023-06-20,Delivered
O002499,C00118,2023-06-20,Delivered
O001877,C00268,2023-06-20,Delivered
O002239,C00182,2023-06-19,Delivered
O001838,C00230,2023-06-18,Delivered
O002640,C00386,2023-06-18,Delivered
O002775,C00362,2023-06-17,Delivered
O001623,C00146,2023-06-17,Delivered
O002941,C00056,2023-06-17,Delivered
O000374,C00151,2023-06-16,Delivered
O002344,C00249,2023-06-16,Delivered
O000689,C00019,2023-06-15,Delivered
O000964,C00091,2023-06-14,Delivered
O000646,C00176,2023-06-13,Delivered
O000618,C00220,2023-06-12,Delivered
O002768,C00179,2023-06-11,Delivered
O000257,C00271,2023-06-11,Delivered
O000301,C00114,2023-06-10,Delivered
O000426,C00253,2023-06-09,Delivered
O002460,C00031,2023-06-08,Delivered
O002148,C00265,2023-06-07,Delivered
O000858,C00054,2023-06-07,Delivered
O001355,C00092,2023-06-07,Delivered
O002615,C00127,2023-06-06,Delivered
O001930,C00359,2023-06-06,Delivered
O001047,C00116,2023-06-05,Delivered
O000166,C00099,2023-06-04,Delivered
O000978,C00042,2023-06-03,Delivered
O002495,C00224,2023-06-02,Delivered
O002816,C00006,2023-06-02,Delivered
O001310,C00304,2023-06-01,Delivered
O002901,C00255,2023-06-01,Delivered
O000650,C00008,2023-06-01,Delivered
O002182,C00281,2023-05-31,Delivered
O001974,C00021,2023-05-30,Delivered
O000217,C00141,2023-05-30,Delivered
O000330,C00042,2023-05-30,Delivered
O002245,C00331,2023-05-29,Delivered
O000803,C00026,2023-05-28,Delivered
O000744,C00354,2023-05-28,Delivered
O001517,C00344,2023-05-28,Delivered
O000037,C00234,2023-05-28,Delivered
O000737,C00101,2023-05-27,Delivered
O002442,C00329,2023-05-25,Delivered
O000846,C00099,2023-05-24,Delivered
O002324,C00121,2023-05-24,Delivered
O002242,C00323,2023-05-24,Delivered
O001510,C00308,2023-05-24,Delivered
O000213,C00197,2023-05-23,Delivered
O001386,C00211,2023-05-23,Delivered
O002009,C00260,2023-05-22,Delivered
O001350,C00288,2023-05-21,Delivered
O000887,C00159,2023-05-21,Delivered
O001152,C00339,2023-05-20,Delivered
O002515,C00390,2023-05-20,Delivered
O002386,C00280,2023-05-20,Delivered
O001263,C00232,2023-05-20,Delivered
O002405,C00082,2023-05-18,Delivered
O001017,C00014,2023-05-18,Delivered
O000409,C00213,2023-05-18,Delivered
O000758,C00131,2023-05-16,Delivered
O001581,C00295,2023-05-16,Delivered
O002854,C00217,2023-05-16,Delivered
O000221,C00073,2023-05-15,Delivered
O002101,C00024,2023-05-14,Delivered
O000351,C00225,2023-05-14,Delivered
O002947,C00358,2023-05-14,Delivered
O001873,C00065,2023-05-14,Delivered
O000488,C00347,2023-05-14,Delivered
O001891,C00385,2023-05-14,Delivered
O002946,C00036,2023-05-14,Delivered
O000651,C00337,2023-05-12,Delivered
O002298,C00394,2023-05-12,Delivered
O000685,C00268,2023-05-12,Delivered
O000999,C00013,2023-05-10,Delivered
O000692,C00022,2023-05-10,Delivered
O002851,C00290,2023-05-10,Delivered
O002850,C00334,2023-05-10,Delivered
O001749,C00063,2023-05-10,Delivered
O001251,C00297,2023-05-10,Delivered
O001391,C00003,2023-05-09,Delivered
O001048,C00275,2023-05-09,Delivered
O002438,C00087,2023-05-08,Delivered
O002305,C00077,2023-05-08,Delivered
O000003,C00321,2023-05-07,Delivered
O000413,C00216,2023-05-07,Delivered
O000468,C00008,2023-05-07,Delivered
O002961,C00082,2023-05-07,Delivered
O001161,C00310,2023-05-07,Delivered
O002579,C00385,2023-05-06,Delivered
O000505,C00198,2023-05-06,Delivered
O002470,C00004,2023-05-05,Delivered
O001471,C00113,2023-05-04,Delivered
O000433,C00316,2023-05-04,Delivered
O002759,C00178,2023-05-04,Delivered
O002456,C00173,2023-05-04,Delivered
O000793,C00245,2023-05-04,Delivered
O000788,C00333,2023-05-03,Delivered
O001608,C00051,2023-05-03,Delivered
O000122,C00323,2023-05-02,Delivered
O001615,C00101,2023-05-02,Delivered
O000401,C00262,2023-05-01,Delivered
O000954,C00148,2023-05-01,Delivered
O000603,C00399,2023-05-01,Delivered
O001219,C00314,2023-04-30,Delivered
O001965,C00206,2023-04-30,Delivered
O000944,C00226,2023-04-30,Delivered
O000567,C00243,2023-04-29,Delivered
O002216,C00378,2023-04-29,Delivered
O000334,C00239,2023-04-28,Delivered
O000049,C00176,2023-04-27,Delivered
O000583,C00203,2023-04-27,Delivered
O002666,C00317,2023-04-26,Delivered
O001007,C00211,2023-04-26,Delivered
O000684,C00194,2023-04-26,Delivered
O002479,C00066,2023-04-26,Delivered
O001044,C00334,2023-04-26,Delivered
O000288,C00010,2023-04-24,Delivered
O000896,C00392,2023-04-24,Delivered
O001056,C00128,2023-04-24,Delivered
O002769,C00200,2023-04-23,Delivered
O000430,C00205,2023-04-23,Delivered
O000901,C00084,2023-04-23,Delivered
O002713,C00179,2023-04-22,Delivered
O002377,C00112,2023-04-22,Delivered
O000424,C00150,2023-04-22,Delivered
O001298,C00159,2023-04-22,Delivered
O000780,C00306,2023-04-21,Delivered
O002150,C00215,2023-04-21,Delivered
O002700,C00019,2023-04-20,Delivered
O001192,C00221,2023-04-20,Delivered
O001045,C00125,2023-04-20,Delivered
O000490,C00345,2023-04-20,Delivered
O000176,C00021,2023-04-19,Delivered
O002624,C00203,2023-04-19,Delivered
O000575,C00307,2023-04-19,Delivered
O001233,C00006,2023-04-18,Delivered
O001096,C00071,2023-04-18,Delivered
O002001,C00038,2023-04-18,Delivered
O002967,C00146,2023-04-18,Delivered
O001271,C00066,2023-04-18,Delivered
O001338,C00341,2023-04-18,Delivered
O002613,C00053,2023-04-17,Delivered
O002018,C00076,2023-04-17,Delivered
O002595,C00216,2023-04-16,Delivered
O001975,C00216,2023-04-16,Delivered
O000327,C00194,2023-04-15,Delivered
O000400,C00322,2023-04-15,Delivered
O001274,C00330,2023-04-14,Delivered
O000312,C00195,2023-04-14,Delivered
O001277,C00073,2023-04-14,Delivered
O001004,C00249,2023-04-14,Delivered
O000847,C00148,2023-04-14,Delivered
O000058,C00123,2023-04-13,Delivered
O001461,C00261,2023-04-13,Delivered
O001887,C00143,2023-04-13,Delivered
O000909,C00176,2023-04-13,Delivered
O002481,C00030,2023-04-12,Delivered
O001129,C00321,2023-04-12,Delivered
O002935,C00070,2023-04-11,Delivered
O001667,C00082,2023-04-11,Delivered
O002680,C00110,2023-04-10,Delivered
O000383,C00395,2023-04-10,Delivered
O000573,C00047,2023-04-10,Delivered
O001916,C00219,2023-04-09,Delivered
O002118,C00098,2023-04-09,Delivered
O001139,C00025,2023-04-09,Delivered
O001557,C00004,2023-04-08,Delivered
O000968,C00154,2023-04-07,Delivered
O000513,C00343,2023-04-07,Delivered
O001387,C00277,2023-04-06,Delivered
O001399,C00110,2023-04-06,Delivered
O001748,C00034,2023-04-06,Delivered
O000957,C00298,2023-04-06,Delivered
O000889,C00320,2023-04-06,Delivered
O000376,C00017,2023-04-05,Delivered
O001156,C00313,2023-04-05,Delivered
O000762,C00392,2023-04-04,Delivered
O000059,C00119,2023-04-04,Delivered
O001180,C00316,2023-04-04,Delivered
O000621,C00263,2023-04-03,Delivered
O001457,C00144,2023-04-03,Delivered
O000309,C00095,2023-04-02,Delivered
O000306,C00049,2023-04-01,Delivered
O001767,C00320,2023-04-01,Delivered
O002677,C00092,2023-04-01,Delivered
O001088,C00354,2023-03-30,Delivered
O000111,C00206,2023-03-29,Delivered
O002696,C00278,2023-03-29,Delivered
O002980,C00075,2023-03-27,Delivered
O000274,C00100,2023-03-27,Delivered
O002294,C00093,2023-03-27,Delivered
O001039,C00275,2023-03-27,Delivered
O000638,C00373,2023-03-27,Delivered
O000440,C00228,2023-03-27,Delivered
O002482,C00286,2023-03-27,Delivered
O001012,C00189,2023-03-26,Delivered
O001601,C00154,2023-03-26,Delivered
O001714,C00025,2023-03-24,Delivered
O001775,C00306,2023-03-24,Delivered
O000255,C00127,2023-03-24,Delivered
O001102,C00012,2023-03-24,Delivered
O002868,C00335,2023-03-23,Delivered
O001463,C00302,2023-03-23,Delivered
O002555,C00055,2023-03-22,Delivered
O002732,C00102,2023-03-22,Delivered
O000358,C00321,2023-03-21,Delivered
O002872,C00064,2023-03-21,Delivered
O000047,C00190,2023-03-21,Delivered
O002484,C00177,2023-03-21,Delivered
O002490,C00145,2023-03-21,Delivered
O001783,C00096,2023-03-20,Delivered
O000048,C00117,2023-03-20,Delivered
O002437,C00026,2023-03-20,Delivered
O002072,C00059,2023-03-19,Delivered
O002164,C00008,2023-03-18,Delivered
O000886,C00223,2023-03-18,Delivered
O001351,C00182,2023-03-18,Delivered
O002335,C00384,2023-03-18,Delivered
O002166,C00312,2023-03-17,Delivered
O002663,C00398,2023-03-16,Delivered
O000325,C00019,2023-03-16,Delivered
O000906,C00101,2023-03-16,Delivered
O001451,C00153,2023-03-15,Delivered
O002957,C00109,2023-03-15,Delivered
O001267,C00152,2023-03-15,Delivered
O002086,C00110,2023-03-13,Delivered
O002109,C00137,2023-03-13,Delivered
O002927,C00386,2023-03-11,Delivered
O002366,C00394,2023-03-11,Delivered
O002402,C00167,2023-03-10,Delivered
O001681,C00176,2023-03-09,Delivered
O001980,C00014,2023-03-09,Delivered
O001347,C00221,2023-03-09,Delivered
O000224,C00154,2023-03-09,Delivered
O000256,C00132,2023-03-09,Delivered
O002801,C00338,2023-03-08,Delivered
O001985,C00290,2023-03-07,Delivered
O001198,C00314,2023-03-07,Delivered
O000348,C00108,2023-03-07,Delivered
O000538,C00320,2023-03-07,Delivered
O001637,C00332,2023-03-07,Delivered
O000324,C00116,2023-03-06,Delivered
O002799,C00117,2023-03-05,Delivered
O002610,C00397,2023-03-04,Delivered
O000529,C00176,2023-03-04,Delivered
O002648,C00268,2023-03-04,Delivered
O000671,C00083,2023-03-03,Delivered
O002857,C00204,2023-03-03,Delivered
O002994,C00206,2023-03-03,Delivered
O002724,C00004,2023-03-03,Delivered
O002094,C00166,2023-03-02,Delivered
O002866,C00301,2023-03-02,Delivered
O001897,C00287,2023-03-02,Delivered
O002500,C00241,2023-03-02,Delivered
O001224,C00062,2023-03-01,Delivered
O001148,C00180,2023-02-28,Delivered
O002283,C00001,2023-02-28,Delivered
O002883,C00052,2023-02-28,Delivered
O000331,C00084,2023-02-28,Delivered
O001380,C00157,2023-02-28,Delivered
O002521,C00336,2023-02-28,Delivered
O002992,C00228,2023-02-27,Delivered
O001732,C00316,2023-02-27,Delivered
O000609,C00295,2023-02-27,Delivered
O001805,C00148,2023-02-27,Delivered
O000108,C00241,2023-02-27,Delivered
O001952,C00202,2023-02-26,Delivered
O000034,C00081,2023-02-25,Delivered
O002985,C00400,2023-02-25,Delivered
O002789,C00360,2023-02-25,Delivered
O001788,C00332,2023-02-23,Delivered
O000168,C00073,2023-02-23,Delivered
O000946,C00221,2023-02-23,Delivered
O001423,C00010,2023-02-23,Delivered
O002255,C00053,2023-02-20,Delivered
O002169,C00348,2023-02-20,Delivered
O001876,C00003,2023-02-19,Delivered
O002048,C00238,2023-02-18,Delivered
O000206,C00017,2023-02-18,Delivered
O002356,C00384,2023-02-18,Delivered
O001961,C00202,2023-02-18,Delivered
O001796,C00069,2023-02-17,Delivered
O001424,C00300,2023-02-17,Delivered
O001106,C00173,2023-02-16,Delivered
O001830,C00319,2023-02-15,Delivered
O002417,C00012,2023-02-15,Delivered
O001797,C00392,2023-02-15,Delivered
O000054,C00312,2023-02-14,Delivered
O002691,C00328,2023-02-13,Delivered
O001504,C00189,2023-02-12,Delivered
O001678,C00321,2023-02-12,Delivered
O002767,C00075,2023-02-12,Delivered
O000852,C00257,2023-02-12,Delivered
O002644,C00129,2023-02-11,Delivered
O002518,C00303,2023-02-11,Delivered
O002085,C00349,2023-02-10,Delivered
O000128,C00232,2023-02-10,Delivered
O002365,C00114,2023-02-09,Delivered
O000979,C00149,2023-02-09,Delivered
O000807,C00111,2023-02-09,Delivered
O000053,C00182,2023-02-09,Delivered
O001931,C00314,2023-02-09,Delivered
O002937,C00346,2023-02-09,Delivered
O000681,C00189,2023-02-09,Delivered
O002140,C00352,2023-02-08,Delivered
O001950,C00341,2023-02-07,Delivered
O002064,C00358,2023-02-07,Delivered
O000837,C00302,2023-02-07,Delivered
O000135,C00273,2023-02-06,Delivered
O000588,C00121,2023-02-06,Delivered
O000808,C00189,2023-02-05,Delivered
O001285,C00390,2023-02-05,Delivered
O002572,C00112,2023-02-05,Delivered
O001772,C00214,2023-02-04,Delivered
O002179,C00089,2023-02-04,Delivered
O002203,C00280,2023-02-03,Delivered
O002461,C00312,2023-02-03,Delivered
O000457,C00218,2023-02-02,Delivered
O000867,C00128,2023-02-02,Delivered
O000158,C00167,2023-02-01,Delivered
O002328,C00185,2023-02-01,Delivered
O001416,C00398,2023-01-31,Delivered
O001798,C00248,2023-01-30,Delivered
O002399,C00353,2023-01-29,Delivered
O002546,C00060,2023-01-29,Delivered
O000716,C00369,2023-01-29,Delivered
O001026,C00265,2023-01-28,Delivered
O002717,C00219,2023-01-28,Delivered
O000548,C00291,2023-01-27,Delivered
O000779,C00022,2023-01-26,Delivered
O000785,C00147,2023-01-25,Delivered
O002486,C00067,2023-01-25,Delivered
O000647,C00330,2023-01-25,Delivered
O000932,C00381,2023-01-24,Delivered
O000347,C00020,2023-01-24,Delivered
O000639,C00197,2023-01-24,Delivered
O001335,C00238,2023-01-24,Delivered
O001612,C00049,2023-01-23,Delivered
O000435,C00209,2023-01-23,Delivered
O002274,C00033,2023-01-23,Delivered
O002254,C00046,2023-01-22,Delivered
O002776,C00157,2023-01-19,Delivered
O001778,C00314,2023-01-18,Delivered
O000453,C00245,2023-01-18,Delivered
O000740,C00330,2023-01-18,Delivered
O002146,C00199,2023-01-17,Delivered
O002350,C00216,2023-01-17,Delivered
O000052,C00267,2023-01-17,Delivered
O001082,C00343,2023-01-17,Delivered
O001319,C00021,2023-01-17,Delivered
O002674,C00353,2023-01-16,Delivered
O000972,C00338,2023-01-16,Delivered
O000114,C00326,2023-01-15,Delivered
O002013,C00055,2023-01-15,Delivered
O002115,C00356,2023-01-14,Delivered
O000607,C00209,2023-01-14,Delivered
O000514,C00348,2023-01-14,Delivered
O000219,C00152,2023-01-14,Delivered
O001339,C00114,2023-01-14,Delivered
O002444,C00169,2023-01-13,Delivered
O000109,C00316,2023-01-12,Delivered
O001437,C00087,2023-01-12,Delivered
O002291,C00166,2023-01-11,Delivered
O000417,C00357,2023-01-11,Delivered
O000319,C00356,2023-01-10,Delivered
O002837,C00122,2023-01-10,Delivered
O002310,C00289,2023-01-09,Delivered
O000070,C00007,2023-01-09,Delivered
O002180,C00104,2023-01-09,Delivered
O001289,C00384,2023-01-08,Delivered
O001344,C00222,2023-01-08,Delivered
O002145,C00326,2023-01-08,Delivered
O000418,C00186,2023-01-08,Delivered
O002945,C00139,2023-01-07,Delivered
O000530,C00116,2023-01-07,Delivered
O000038,C00395,2023-01-06,Delivered
O000541,C00008,2023-01-06,Delivered
O001130,C00374,2023-01-05,Delivered
O000360,C00293,2023-01-05,Delivered
O001441,C00069,2023-01-05,Delivered
O001241,C00113,2023-01-04,Delivered
O001159,C00088,2023-01-04,Delivered
O002611,C00077,2023-01-03,Delivered
O001054,C00381,2023-01-03,Delivered
O001454,C00001,2023-01-03,Delivered
O002815,C00218,2023-01-03,Delivered
O001450,C00153,2023-01-01,Delivered
O002526,C00072,2023-01-01,Delivered
O002983,C00292,2023-01-01,Delivered
O001914,C00297,2023-01-01,Delivered
O000791,C00222,2023-01-01,Delivered
