customer_id,first_name,last_name,email,phone,city,signup_date,_ingested_at,_source_file
C00262,Rohan,Sharma,rohan.sharma262@example.com,9326353775,Chennai,2024-10-18,2026-08-09T06:46:32.184008+00:00,customers.csv
C00229,Nikhil,Verma,nikhil.verma229@example.com,9117647321,Ahmedabad,2023-04-24,2026-08-09T06:46:32.184008+00:00,customers.csv
C00214,Arjun,Iyer,arjun.iyer214@example.com,9946237594,Jaipur,2023-05-21,2026-08-09T06:46:32.184008+00:00,customers.csv
C00243,Priya,Das,priya.das243@example.com,9949842840,Bengaluru,2024-03-21,2026-08-09T06:46:32.184008+00:00,customers.csv
C00057,Priya,Kapoor,priya.kapoor57@example.com,9675757257,Bhubaneswar,2024-06-05,2026-08-09T06:46:32.184008+00:00,customers.csv
C00348,Rohan,Singh,rohan.singh348@example.com,9707583925,Bengaluru,2024-03-20,2026-08-09T06:46:32.184008+00:00,customers.csv
C00125,Aditya,Nair,aditya.nair125@example.com,,Pune,2024-09-29,2026-08-09T06:46:32.184008+00:00,customers.csv
C00088,Anaya,Verma,anaya.verma88@example.com,9718257024,Chennai,2024-08-15,2026-08-09T06:46:32.184008+00:00,customers.csv
C00199,Pooja,Patel,pooja.patel199@example.com,9929839316,Kolkata,2024-11-02,2026-08-09T06:46:32.184008+00:00,customers.csv
C00223,Rohan,Malhotra,rohan.malhotra223@example.com,9128636900,Chennai,2023-08-16,2026-08-09T06:46:32.184008+00:00,customers.csv
C00394,Riya,Patel,,9917178325,Bhubaneswar,2023-03-26,2026-08-09T06:46:32.184008+00:00,customers.csv
C00212,Kabir,Kapoor,kabir.kapoor212@example.com,9819896690,Hyderabad,2024-12-20,2026-08-09T06:46:32.184008+00:00,customers.csv
C00388,Pooja,Patel,pooja.patel388@example.com,9733688460,Mumbai,2024-11-20,2026-08-09T06:46:32.184008+00:00,customers.csv
C00090,Anaya,Joshi,anaya.joshi90@example.com,9954942461,Bhubaneswar,2024-12-01,2026-08-09T06:46:32.184008+00:00,customers.csv
C00149,Pooja,Rao,pooja.rao149@example.com,9347087743,Hyderabad,2024-05-23,2026-08-09T06:46:32.184008+00:00,customers.csv
C00091,Priya,Mehta,priya.mehta91@example.com,9795294275,Chennai,2024-03-14,2026-08-09T06:46:32.184008+00:00,customers.csv
C00268,Pooja,Reddy,pooja.reddy268@example.com,9720286733,Delhi,2023-09-12,2026-08-09T06:46:32.184008+00:00,customers.csv
C00258,Kabir,Gupta,kabir.gupta258@example.com,9861639583,Jaipur,2023-06-18,2026-08-09T06:46:32.184008+00:00,customers.csv
C00330,Sneha,Iyer,sneha.iyer330@example.com,9457517705,Bhubaneswar,2024-05-05,2026-08-09T06:46:32.184008+00:00,customers.csv
C00270,Dev,Mehta,dev.mehta270@example.com,,Pune,2024-04-13,2026-08-09T06:46:32.184008+00:00,customers.csv
C00348,Rohan,Singh,rohan.singh348@example.com,9707583925,Bengaluru,2024-03-20,2026-08-09T06:46:32.184008+00:00,customers.csv
C00283,Nikhil,Nair,nikhil.nair283@example.com,9318927025,Ahmedabad,2024-03-04,2026-08-09T06:46:32.184008+00:00,customers.csv
C00098,Sara,Rao,sara.rao98@example.com,9358045858,Kolkata,2024-02-21,2026-08-09T06:46:32.184008+00:00,customers.csv
C00013,Dev,Malhotra,dev.malhotra13@example.com,9249926919,Jaipur,2024-10-20,2026-08-09T06:46:32.184008+00:00,customers.csv
C00222,Anaya,Verma,anaya.verma222@example.com,9651208305,Chennai,2023-06-14,2026-08-09T06:46:32.184008+00:00,customers.csv
C00263,Pooja,Kapoor,pooja.kapoor263@example.com,9685809361,Pune,2023-02-01,2026-08-09T06:46:32.184008+00:00,customers.csv
C00058,Isha,Malhotra,isha.malhotra58@example.com,,Ahmedabad,2023-09-25,2026-08-09T06:46:32.184008+00:00,customers.csv
C00372,Kabir,Kapoor,kabir.kapoor372@example.com,9265510032,Chennai,2023-11-07,2026-08-09T06:46:32.184008+00:00,customers.csv
C00190,Aditya,Kapoor,aditya.kapoor190@example.com,,Delhi,2023-11-12,2026-08-09T06:46:32.184008+00:00,customers.csv
C00260,Pooja,Mehta,pooja.mehta260@example.com,9735449477,Mumbai,2023-04-06,2026-08-09T06:46:32.184008+00:00,customers.csv
C00282,Kabir,Joshi,,9852178601,Bhubaneswar,2024-11-28,2026-08-09T06:46:32.184008+00:00,customers.csv
C00239,Dev,Rao,dev.rao239@example.com,9300593456,Kolkata,2024-03-26,2026-08-09T06:46:32.184008+00:00,customers.csv
C00119,Rahul,Sharma,rahul.sharma119@example.com,9919382051,Kolkata,2024-11-19,2026-08-09T06:46:32.184008+00:00,customers.csv
C00340,Tara,Patel,tara.patel340@example.com,,Jaipur,2024-10-07,2026-08-09T06:46:32.184008+00:00,customers.csv
C00237,Aditya,Reddy,aditya.reddy237@example.com,9908839964,Pune,2024-07-10,2026-08-09T06:46:32.184008+00:00,customers.csv
C00309,Rahul,Mehta,rahul.mehta309@example.com,9658712474,Delhi,2023-06-03,2026-08-09T06:46:32.184008+00:00,customers.csv
C00382,Sara,Mehta,sara.mehta382@example.com,9701133236,Kolkata,2023-06-28,2026-08-09T06:46:32.184008+00:00,customers.csv
C00137,Tara,Joshi,tara.joshi137@example.com,9939156387,Hyderabad,2024-11-01,2026-08-09T06:46:32.184008+00:00,customers.csv
C00368,Dev,Nair,dev.nair368@example.com,9718345671,Hyderabad,2023-10-26,2026-08-09T06:46:32.184008+00:00,customers.csv
C00351,Karan,Sharma,karan.sharma351@example.com,9981209973,Chennai,2023-08-01,2026-08-09T06:46:32.184008+00:00,customers.csv
C00353,Karan,Reddy,karan.reddy353@example.com,,Chennai,2023-05-24,2026-08-09T06:46:32.184008+00:00,customers.csv
C00297,Anaya,Das,anaya.das297@example.com,9459748735,Jaipur,2024-09-09,2026-08-09T06:46:32.184008+00:00,customers.csv
C00269,Meera,Singh,meera.singh269@example.com,9431292818,Bengaluru,2024-06-11,2026-08-09T06:46:32.184008+00:00,customers.csv
C00362,Sara,Das,sara.das362@example.com,9282001119,Pune,2024-06-17,2026-08-09T06:46:32.184008+00:00,customers.csv
C00115,Sara,Kapoor,sara.kapoor115@example.com,,Pune,2023-06-02,2026-08-09T06:46:32.184008+00:00,customers.csv
C00286,Vihaan,Das,vihaan.das286@example.com,9399580835,Delhi,2024-05-10,2026-08-09T06:46:32.184008+00:00,customers.csv
C00301,Aditya,Nair,aditya.nair301@example.com,9298407302,Kolkata,2023-03-30,2026-08-09T06:46:32.184008+00:00,customers.csv
C00105,Anaya,Rao,anaya.rao105@example.com,9627076988,Bhubaneswar,2023-05-10,2026-08-09T06:46:32.184008+00:00,customers.csv
C00148,Aarav,Joshi,aarav.joshi148@example.com,9707661655,Bhubaneswar,2024-11-05,2026-08-09T06:46:32.184008+00:00,customers.csv
C00276,Diya,Patel,diya.patel276@example.com,9657629251,Ahmedabad,2024-12-31,2026-08-09T06:46:32.184008+00:00,customers.csv
C00248,Aarav,Rao,aarav.rao248@example.com,9703091482,Pune,2023-07-10,2026-08-09T06:46:32.184008+00:00,customers.csv
C00219,Priya,Kapoor,priya.kapoor219@example.com,9402550088,Jaipur,2024-08-07,2026-08-09T06:46:32.184008+00:00,customers.csv
C00242,Anaya,Singh,anaya.singh242@example.com,9576642996,Bhubaneswar,2024-09-09,2026-08-09T06:46:32.184008+00:00,customers.csv
C00265,Nikhil,Reddy,nikhil.reddy265@example.com,9751396498,Hyderabad,2024-05-10,2026-08-09T06:46:32.184008+00:00,customers.csv
C00255,Tara,Chatterjee,tara.chatterjee255@example.com,9440405868,Kolkata,2024-02-24,2026-08-09T06:46:32.184008+00:00,customers.csv
C00241,Pooja,Joshi,pooja.joshi241@example.com,9210163669,Pune,2023-07-04,2026-08-09T06:46:32.184008+00:00,customers.csv
C00126,Sneha,Patel,sneha.patel126@example.com,9620455331,Ahmedabad,2023-10-22,2026-08-09T06:46:32.184008+00:00,customers.csv
C00077,Tara,Reddy,tara.reddy77@example.com,9922050912,Kolkata,2024-08-21,2026-08-09T06:46:32.184008+00:00,customers.csv
C00055,Arjun,Joshi,arjun.joshi55@example.com,9953995721,Delhi,2024-04-16,2026-08-09T06:46:32.184008+00:00,customers.csv
C00352,Rohan,Gupta,rohan.gupta352@example.com,9996199211,Jaipur,2023-06-16,2026-08-09T06:46:32.184008+00:00,customers.csv
C00294,Anaya,Nair,anaya.nair294@example.com,9925412179,Ahmedabad,2023-10-20,2026-08-09T06:46:32.184008+00:00,customers.csv
C00374,Sneha,Sharma,sneha.sharma374@example.com,9191248659,Delhi,2024-01-04,2026-08-09T06:46:32.184008+00:00,customers.csv
C00345,Priya,Gupta,priya.gupta345@example.com,9535968611,Delhi,2024-02-11,2026-08-09T06:46:32.184008+00:00,customers.csv
C00378,Aditya,Patel,aditya.patel378@example.com,9417217932,Bengaluru,2023-12-20,2026-08-09T06:46:32.184008+00:00,customers.csv
C00287,Anaya,Chatterjee,anaya.chatterjee287@example.com,9625063062,Hyderabad,2023-10-23,2026-08-09T06:46:32.184008+00:00,customers.csv
C00170,Rohan,Singh,rohan.singh170@example.com,9217095851,Delhi,2024-04-04,2026-08-09T06:46:32.184008+00:00,customers.csv
C00150,Sara,Kapoor,sara.kapoor150@example.com,9911294971,Mumbai,2023-07-14,2026-08-09T06:46:32.184008+00:00,customers.csv
C00218,Sara,Mehta,sara.mehta218@example.com,9942211135,Delhi,2023-09-02,2026-08-09T06:46:32.184008+00:00,customers.csv
C00395,Vihaan,Iyer,vihaan.iyer395@example.com,9591045102,Kolkata,2024-07-04,2026-08-09T06:46:32.184008+00:00,customers.csv
C00132,Rahul,Kapoor,rahul.kapoor132@example.com,9620057604,Jaipur,2024-05-16,2026-08-09T06:46:32.184008+00:00,customers.csv
C00257,Meera,Chatterjee,meera.chatterjee257@example.com,9159499094,Jaipur,2023-05-13,2026-08-09T06:46:32.184008+00:00,customers.csv
C00079,Pooja,Malhotra,pooja.malhotra79@example.com,9567975319,Chennai,2023-08-14,2026-08-09T06:46:32.184008+00:00,customers.csv
C00192,Meera,Patel,meera.patel192@example.com,9637152602,Hyderabad,2024-01-25,2026-08-09T06:46:32.184008+00:00,customers.csv
C00083,Karan,Nair,karan.nair83@example.com,9993271900,Bengaluru,2024-01-24,2026-08-09T06:46:32.184008+00:00,customers.csv
C00276,Diya,Patel,diya.patel276@example.com,9657629251,Ahmedabad,2024-12-31,2026-08-09T06:46:32.184008+00:00,customers.csv
C00076,Arjun,Verma,arjun.verma76@example.com,9600282414,Delhi,2024-02-29,2026-08-09T06:46:32.184008+00:00,customers.csv
C00114,Vihaan,Chatterjee,vihaan.chatterjee114@example.com,9312406764,Jaipur,2024-10-02,2026-08-09T06:46:32.184008+00:00,customers.csv
C00314,Tara,Nair,tara.nair314@example.com,9505333621,Jaipur,2024-01-27,2026-08-09T06:46:32.184008+00:00,customers.csv
C00231,Tara,Patel,tara.patel231@example.com,,Jaipur,2024-11-11,2026-08-09T06:46:32.184008+00:00,customers.csv
C00392,Pooja,Sharma,pooja.sharma392@example.com,9309517616,Jaipur,2024-01-03,2026-08-09T06:46:32.184008+00:00,customers.csv
C00400,Pooja,Patel,pooja.patel400@example.com,9712112671,Pune,2023-07-31,2026-08-09T06:46:32.184008+00:00,customers.csv
C00038,Meera,Sharma,meera.sharma38@example.com,9173574218,Delhi,2024-06-04,2026-08-09T06:46:32.184008+00:00,customers.csv
C00026,Sara,Verma,sara.verma26@example.com,9347083812,Bhubaneswar,2023-12-13,2026-08-09T06:46:32.184008+00:00,customers.csv
C00145,Nikhil,Malhotra,nikhil.malhotra145@example.com,9574303740,Ahmedabad,2023-10-22,2026-08-09T06:46:32.184008+00:00,customers.csv
C00379,Isha,Joshi,isha.joshi379@example.com,9588909690,Jaipur,2023-05-26,2026-08-09T06:46:32.184008+00:00,customers.csv
C00385,Arjun,Gupta,arjun.gupta385@example.com,9958459117,Mumbai,2024-12-21,2026-08-09T06:46:32.184008+00:00,customers.csv
C00124,Aditya,Joshi,aditya.joshi124@example.com,9596043327,Delhi,2023-01-02,2026-08-09T06:46:32.184008+00:00,customers.csv
C00335,Rahul,Joshi,,9694113766,Ahmedabad,2023-08-15,2026-08-09T06:46:32.184008+00:00,customers.csv
C00111,Arjun,Kapoor,arjun.kapoor111@example.com,9268638768,Jaipur,2023-08-05,2026-08-09T06:46:32.184008+00:00,customers.csv
C00393,Aditya,Kapoor,aditya.kapoor393@example.com,9546279777,Kolkata,2024-05-21,2026-08-09T06:46:32.184008+00:00,customers.csv
C00315,Kabir,Kapoor,kabir.kapoor315@example.com,9676876906,Mumbai,2023-12-23,2026-08-09T06:46:32.184008+00:00,customers.csv
C00060,Arjun,Gupta,,9965984448,Delhi,2023-02-15,2026-08-09T06:46:32.184008+00:00,customers.csv
C00087,Priya,Patel,priya.patel87@example.com,9871330207,Mumbai,2024-09-12,2026-08-09T06:46:32.184008+00:00,customers.csv
C00278,Rahul,Nair,rahul.nair278@example.com,9861003571,Kolkata,2024-06-03,2026-08-09T06:46:32.184008+00:00,customers.csv
C00006,Nikhil,Mehta,nikhil.mehta6@example.com,9414797776,Ahmedabad,2023-05-08,2026-08-09T06:46:32.184008+00:00,customers.csv
C00160,Isha,Iyer,isha.iyer160@example.com,9498370582,Jaipur,2024-07-04,2026-08-09T06:46:32.184008+00:00,customers.csv
C00338,Nikhil,Patel,nikhil.patel338@example.com,9686849648,Jaipur,2023-12-27,2026-08-09T06:46:32.184008+00:00,customers.csv
C00122,Karan,Reddy,karan.reddy122@example.com,9529982328,Jaipur,2024-12-11,2026-08-09T06:46:32.184008+00:00,customers.csv
C00007,Priya,Das,,9344703907,Bengaluru,2023-07-16,2026-08-09T06:46:32.184008+00:00,customers.csv
C00087,Priya,Patel,priya.patel87@example.com,9871330207,Mumbai,2024-09-12,2026-08-09T06:46:32.184008+00:00,customers.csv
C00049,Tara,Mehta,tara.mehta49@example.com,9841976666,Jaipur,2023-01-10,2026-08-09T06:46:32.184008+00:00,customers.csv
C00244,Dev,Nair,dev.nair244@example.com,9253308283,Kolkata,2024-06-09,2026-08-09T06:46:32.184008+00:00,customers.csv
C00334,Nikhil,Verma,nikhil.verma334@example.com,9498041381,Bhubaneswar,2024-04-25,2026-08-09T06:46:32.184008+00:00,customers.csv
C00307,Arjun,Chatterjee,arjun.chatterjee307@example.com,9187907572,Jaipur,2023-09-11,2026-08-09T06:46:32.184008+00:00,customers.csv
C00010,Meera,Mehta,meera.mehta10@example.com,9389854268,Jaipur,2023-09-08,2026-08-09T06:46:32.184008+00:00,customers.csv
C00035,Dev,Sharma,dev.sharma35@example.com,9943026227,Chennai,2024-02-04,2026-08-09T06:46:32.184008+00:00,customers.csv
C00195,Meera,Chatterjee,meera.chatterjee195@example.com,9488536370,Bengaluru,2024-09-24,2026-08-09T06:46:32.184008+00:00,customers.csv
C00386,Priya,Nair,priya.nair386@example.com,9820160169,Jaipur,2023-07-21,2026-08-09T06:46:32.184008+00:00,customers.csv
C00113,Sara,Gupta,sara.gupta113@example.com,,Delhi,2024-12-24,2026-08-09T06:46:32.184008+00:00,customers.csv
C00032,Tara,Patel,tara.patel32@example.com,9180943908,Jaipur,2023-10-13,2026-08-09T06:46:32.184008+00:00,customers.csv
C00188,Vihaan,Singh,vihaan.singh188@example.com,9574641329,Delhi,2024-11-08,2026-08-09T06:46:32.184008+00:00,customers.csv
C00256,Nikhil,Kapoor,nikhil.kapoor256@example.com,9990189659,Ahmedabad,2024-06-13,2026-08-09T06:46:32.184008+00:00,customers.csv
C00054,Vihaan,Patel,vihaan.patel54@example.com,9141580226,Delhi,2024-12-19,2026-08-09T06:46:32.184008+00:00,customers.csv
C00194,Tara,Das,tara.das194@example.com,9223666470,Hyderabad,2024-02-19,2026-08-09T06:46:32.184008+00:00,customers.csv
C00139,Dev,Nair,dev.nair139@example.com,9138546365,Delhi,2024-10-03,2026-08-09T06:46:32.184008+00:00,customers.csv
C00092,Riya,Verma,riya.verma92@example.com,9989817696,Mumbai,2024-03-19,2026-08-09T06:46:32.184008+00:00,customers.csv
C00209,Karan,Verma,karan.verma209@example.com,9877103091,Ahmedabad,2024-07-25,2026-08-09T06:46:32.184008+00:00,customers.csv
C00295,Sara,Mehta,sara.mehta295@example.com,9999371401,Bhubaneswar,2023-02-08,2026-08-09T06:46:32.184008+00:00,customers.csv
C00247,Rahul,Patel,rahul.patel247@example.com,9797460535,Bengaluru,2024-06-26,2026-08-09T06:46:32.184008+00:00,customers.csv
C00259,Anaya,Joshi,anaya.joshi259@example.com,9691461470,Pune,2023-03-22,2026-08-09T06:46:32.184008+00:00,customers.csv
C00398,Anaya,Joshi,anaya.joshi398@example.com,9976955647,Bengaluru,2023-02-03,2026-08-09T06:46:32.184008+00:00,customers.csv
C00210,Kabir,Nair,kabir.nair210@example.com,9475617211,Chennai,2023-03-25,2026-08-09T06:46:32.184008+00:00,customers.csv
C00147,Riya,Verma,riya.verma147@example.com,9717199615,Pune,2023-08-31,2026-08-09T06:46:32.184008+00:00,customers.csv
C00303,Karan,Gupta,,9801887172,Delhi,2024-08-19,2026-08-09T06:46:32.184008+00:00,customers.csv
C00050,Diya,Joshi,diya.joshi50@example.com,9561479973,Pune,2024-01-14,2026-08-09T06:46:32.184008+00:00,customers.csv
C00396,Sneha,Mehta,sneha.mehta396@example.com,9932271276,Hyderabad,2023-04-26,2026-08-09T06:46:32.184008+00:00,customers.csv
C00061,Priya,Reddy,priya.reddy61@example.com,9812306873,Pune,2023-03-13,2026-08-09T06:46:32.184008+00:00,customers.csv
C00216,Kabir,Patel,kabir.patel216@example.com,9277746324,Bhubaneswar,2023-07-05,2026-08-09T06:46:32.184008+00:00,customers.csv
C00181,Arjun,Patel,arjun.patel181@example.com,9216198604,Jaipur,2024-11-03,2026-08-09T06:46:32.184008+00:00,customers.csv
C00381,Anaya,Sharma,,9468377143,Mumbai,2024-12-28,2026-08-09T06:46:32.184008+00:00,customers.csv
C00012,Vihaan,Verma,vihaan.verma12@example.com,9437882805,Kolkata,2023-08-05,2026-08-09T06:46:32.184008+00:00,customers.csv
C00320,Diya,Reddy,diya.reddy320@example.com,9910015485,Bhubaneswar,2024-03-25,2026-08-09T06:46:32.184008+00:00,customers.csv
C00144,Rahul,Patel,rahul.patel144@example.com,9593460064,Bhubaneswar,2023-08-26,2026-08-09T06:46:32.184008+00:00,customers.csv
C00059,Tara,Nair,tara.nair59@example.com,9649136331,Ahmedabad,2023-11-18,2026-08-09T06:46:32.184008+00:00,customers.csv
C00178,Rohan,Verma,rohan.verma178@example.com,9899496315,Mumbai,2023-03-29,2026-08-09T06:46:32.184008+00:00,customers.csv
C00328,Karan,Kapoor,karan.kapoor328@example.com,9199282456,Delhi,2023-03-22,2026-08-09T06:46:32.184008+00:00,customers.csv
C00066,Rohan,Gupta,rohan.gupta66@example.com,9200273738,Delhi,2024-06-11,2026-08-09T06:46:32.184008+00:00,customers.csv
C00041,Sara,Gupta,sara.gupta41@example.com,9422119408,Bengaluru,2024-02-10,2026-08-09T06:46:32.184008+00:00,customers.csv
C00095,Vihaan,Malhotra,vihaan.malhotra95@example.com,9711871397,Chennai,2024-04-06,2026-08-09T06:46:32.184008+00:00,customers.csv
C00159,Tara,Verma,tara.verma159@example.com,9426808977,Bengaluru,2023-05-24,2026-08-09T06:46:32.184008+00:00,customers.csv
C00238,Priya,Joshi,priya.joshi238@example.com,9233654018,Chennai,2023-02-18,2026-08-09T06:46:32.184008+00:00,customers.csv
C00174,Rahul,Mehta,rahul.mehta174@example.com,9741444618,Kolkata,2024-12-30,2026-08-09T06:46:32.184008+00:00,customers.csv
C00305,Isha,Kapoor,isha.kapoor305@example.com,9335287540,Kolkata,2023-10-30,2026-08-09T06:46:32.184008+00:00,customers.csv
C00230,Sara,Rao,sara.rao230@example.com,9760146764,Ahmedabad,2023-05-28,2026-08-09T06:46:32.184008+00:00,customers.csv
C00177,Isha,Nair,isha.nair177@example.com,9501902658,Kolkata,2024-03-13,2026-08-09T06:46:32.184008+00:00,customers.csv
C00389,Karan,Verma,karan.verma389@example.com,9500834337,Jaipur,2023-09-02,2026-08-09T06:46:32.184008+00:00,customers.csv
C00020,Pooja,Iyer,pooja.iyer20@example.com,9679153816,Jaipur,2023-06-06,2026-08-09T06:46:32.184008+00:00,customers.csv
C00224,Aditya,Nair,aditya.nair224@example.com,9502559419,Hyderabad,2023-08-30,2026-08-09T06:46:32.184008+00:00,customers.csv
C00187,Rahul,Das,rahul.das187@example.com,9910069356,Bengaluru,2023-03-28,2026-08-09T06:46:32.184008+00:00,customers.csv
C00135,Dev,Kapoor,dev.kapoor135@example.com,9139749508,Ahmedabad,2024-10-29,2026-08-09T06:46:32.184008+00:00,customers.csv
C00070,Tara,Iyer,tara.iyer70@example.com,9698509918,Bengaluru,2023-06-30,2026-08-09T06:46:32.184008+00:00,customers.csv
C00284,Riya,Joshi,riya.joshi284@example.com,9702247585,Kolkata,2023-03-05,2026-08-09T06:46:32.184008+00:00,customers.csv
C00086,Kabir,Singh,kabir.singh86@example.com,9334037646,Pune,2024-11-16,2026-08-09T06:46:32.184008+00:00,customers.csv
C00008,Sara,Joshi,sara.joshi8@example.com,9782560971,Mumbai,2023-04-14,2026-08-09T06:46:32.184008+00:00,customers.csv
C00172,Riya,Joshi,riya.joshi172@example.com,9626422169,Kolkata,2024-02-16,2026-08-09T06:46:32.184008+00:00,customers.csv
C00293,Kabir,Sharma,kabir.sharma293@example.com,9610778600,Delhi,2024-07-17,2026-08-09T06:46:32.184008+00:00,customers.csv
C00370,Meera,Kapoor,meera.kapoor370@example.com,9595663087,Delhi,2024-07-17,2026-08-09T06:46:32.184008+00:00,customers.csv
C00096,Karan,Sharma,karan.sharma96@example.com,9327761953,Pune,2024-05-21,2026-08-09T06:46:32.184008+00:00,customers.csv
C00331,Arjun,Malhotra,arjun.malhotra331@example.com,9909956465,Delhi,2023-07-14,2026-08-09T06:46:32.184008+00:00,customers.csv
C00357,Anaya,Chatterjee,anaya.chatterjee357@example.com,9265593497,Mumbai,2023-09-10,2026-08-09T06:46:32.184008+00:00,customers.csv
C00133,Sneha,Reddy,sneha.reddy133@example.com,9848933239,Chennai,2024-04-11,2026-08-09T06:46:32.184008+00:00,customers.csv
C00134,Sara,Joshi,sara.joshi134@example.com,9607854378,Chennai,2024-02-25,2026-08-09T06:46:32.184008+00:00,customers.csv
C00089,Dev,Rao,dev.rao89@example.com,9991819497,Bengaluru,2023-07-23,2026-08-09T06:46:32.184008+00:00,customers.csv
C00252,Priya,Mehta,priya.mehta252@example.com,9950474042,Kolkata,2023-08-18,2026-08-09T06:46:32.184008+00:00,customers.csv
C00042,Aarav,Singh,aarav.singh42@example.com,9178663096,Jaipur,2024-09-28,2026-08-09T06:46:32.184008+00:00,customers.csv
C00003,Aarav,Mehta,aarav.mehta3@example.com,9550455977,Ahmedabad,2023-07-23,2026-08-09T06:46:32.184008+00:00,customers.csv
C00291,Vihaan,Patel,vihaan.patel291@example.com,9356927167,Jaipur,2023-04-22,2026-08-09T06:46:32.184008+00:00,customers.csv
C00225,Isha,Joshi,isha.joshi225@example.com,,Kolkata,2024-10-27,2026-08-09T06:46:32.184008+00:00,customers.csv
C00211,Kabir,Das,kabir.das211@example.com,9504456327,Hyderabad,2024-12-26,2026-08-09T06:46:32.184008+00:00,customers.csv
C00383,Sara,Chatterjee,sara.chatterjee383@example.com,9787708952,Chennai,2024-02-19,2026-08-09T06:46:32.184008+00:00,customers.csv
C00169,Karan,Sharma,karan.sharma169@example.com,9896413702,Bengaluru,2023-06-28,2026-08-09T06:46:32.184008+00:00,customers.csv
C00171,Pooja,Sharma,pooja.sharma171@example.com,9790781796,Bhubaneswar,2024-11-05,2026-08-09T06:46:32.184008+00:00,customers.csv
C00186,Aditya,Iyer,aditya.iyer186@example.com,9269016920,Hyderabad,2024-01-21,2026-08-09T06:46:32.184008+00:00,customers.csv
C00182,Priya,Verma,priya.verma182@example.com,9560755939,Ahmedabad,2023-10-13,2026-08-09T06:46:32.184008+00:00,customers.csv
C00156,Dev,Sharma,dev.sharma156@example.com,9495765839,Pune,2023-09-28,2026-08-09T06:46:32.184008+00:00,customers.csv
C00391,Meera,Mehta,meera.mehta391@example.com,9300895568,Kolkata,2023-06-20,2026-08-09T06:46:32.184008+00:00,customers.csv
C00117,Vihaan,Mehta,vihaan.mehta117@example.com,,Chennai,2024-07-06,2026-08-09T06:46:32.184008+00:00,customers.csv
C00030,Priya,Reddy,priya.reddy30@example.com,9158165865,Bengaluru,2024-02-25,2026-08-09T06:46:32.184008+00:00,customers.csv
C00371,Nikhil,Chatterjee,nikhil.chatterjee371@example.com,9954330018,Kolkata,2023-10-26,2026-08-09T06:46:32.184008+00:00,customers.csv
C00023,Sneha,Chatterjee,sneha.chatterjee23@example.com,9690347116,Jaipur,2023-05-09,2026-08-09T06:46:32.184008+00:00,customers.csv
C00063,Arjun,Reddy,arjun.reddy63@example.com,9286860433,Pune,2024-11-11,2026-08-09T06:46:32.184008+00:00,customers.csv
C00015,Aditya,Singh,aditya.singh15@example.com,9264112119,Chennai,2023-04-04,2026-08-09T06:46:32.184008+00:00,customers.csv
C00253,Aarav,Nair,aarav.nair253@example.com,9962925204,Mumbai,2024-07-21,2026-08-09T06:46:32.184008+00:00,customers.csv
C00280,Pooja,Singh,pooja.singh280@example.com,9933397627,Delhi,2023-09-29,2026-08-09T06:46:32.184008+00:00,customers.csv
C00179,Sneha,Sharma,sneha.sharma179@example.com,9819421270,Hyderabad,2024-08-23,2026-08-09T06:46:32.184008+00:00,customers.csv
C00200,Rahul,Chatterjee,rahul.chatterjee200@example.com,9706118438,Ahmedabad,2024-08-16,2026-08-09T06:46:32.184008+00:00,customers.csv
C00017,Aarav,Kapoor,aarav.kapoor17@example.com,9925276600,Bengaluru,2023-04-28,2026-08-09T06:46:32.184008+00:00,customers.csv
C00150,Sara,Kapoor,sara.kapoor150@example.com,9911294971,Mumbai,2023-07-14,2026-08-09T06:46:32.184008+00:00,customers.csv
C00343,Sneha,Gupta,sneha.gupta343@example.com,9823737375,Mumbai,2023-01-18,2026-08-09T06:46:32.184008+00:00,customers.csv
C00167,Pooja,Sharma,pooja.sharma167@example.com,9680051935,Mumbai,2023-10-11,2026-08-09T06:46:32.184008+00:00,customers.csv
C00163,Isha,Kapoor,isha.kapoor163@example.com,9792377512,Chennai,2024-01-12,2026-08-09T06:46:32.184008+00:00,customers.csv
C00359,Isha,Patel,isha.patel359@example.com,9698058121,Chennai,2023-03-31,2026-08-09T06:46:32.184008+00:00,customers.csv
C00101,Karan,Nair,karan.nair101@example.com,9369942642,Delhi,2024-12-20,2026-08-09T06:46:32.184008+00:00,customers.csv
C00084,Riya,Sharma,riya.sharma84@example.com,9475767056,Bengaluru,2024-07-06,2026-08-09T06:46:32.184008+00:00,customers.csv
C00205,Rahul,Kapoor,rahul.kapoor205@example.com,9638339044,Bhubaneswar,2023-07-12,2026-08-09T06:46:32.184008+00:00,customers.csv
C00273,Rahul,Mehta,rahul.mehta273@example.com,9178954113,Kolkata,2023-07-19,2026-08-09T06:46:32.184008+00:00,customers.csv
C00299,Meera,Rao,meera.rao299@example.com,,Hyderabad,2024-04-14,2026-08-09T06:46:32.184008+00:00,customers.csv
C00131,Tara,Nair,tara.nair131@example.com,9403696046,Ahmedabad,2024-06-03,2026-08-09T06:46:32.184008+00:00,customers.csv
C00021,Aarav,Das,,9489747629,Pune,2023-11-28,2026-08-09T06:46:32.184008+00:00,customers.csv
C00080,Karan,Kapoor,karan.kapoor80@example.com,9601856351,Ahmedabad,2024-11-26,2026-08-09T06:46:32.184008+00:00,customers.csv
C00208,Tara,Chatterjee,tara.chatterjee208@example.com,9777409303,Bengaluru,2023-12-13,2026-08-09T06:46:32.184008+00:00,customers.csv
C00271,Riya,Das,riya.das271@example.com,9108780419,Chennai,2024-10-31,2026-08-09T06:46:32.184008+00:00,customers.csv
C00317,Tara,Mehta,tara.mehta317@example.com,9471686188,Delhi,2024-01-24,2026-08-09T06:46:32.184008+00:00,customers.csv
C00158,Sneha,Nair,sneha.nair158@example.com,9782259766,Pune,2024-09-16,2026-08-09T06:46:32.184008+00:00,customers.csv
C00206,Nikhil,Verma,nikhil.verma206@example.com,,Kolkata,2023-12-18,2026-08-09T06:46:32.184008+00:00,customers.csv
C00363,Vihaan,Singh,vihaan.singh363@example.com,9396311802,Kolkata,2023-05-30,2026-08-09T06:46:32.184008+00:00,customers.csv
C00306,Kabir,Singh,kabir.singh306@example.com,9689736058,Jaipur,2024-09-12,2026-08-09T06:46:32.184008+00:00,customers.csv
C00022,Sara,Sharma,sara.sharma22@example.com,9191969690,Bengaluru,2023-09-04,2026-08-09T06:46:32.184008+00:00,customers.csv
C00103,Aditya,Das,aditya.das103@example.com,9418092217,Mumbai,2023-10-17,2026-08-09T06:46:32.184008+00:00,customers.csv
C00369,Dev,Gupta,dev.gupta369@example.com,9705429879,Jaipur,2024-02-07,2026-08-09T06:46:32.184008+00:00,customers.csv
C00149,Pooja,Rao,pooja.rao149@example.com,9347087743,Hyderabad,2024-05-23,2026-08-09T06:46:32.184008+00:00,customers.csv
C00107,Riya,Verma,riya.verma107@example.com,9719571745,Bhubaneswar,2023-03-08,2026-08-09T06:46:32.184008+00:00,customers.csv
C00275,Sneha,Nair,sneha.nair275@example.com,9530986098,Bhubaneswar,2023-05-28,2026-08-09T06:46:32.184008+00:00,customers.csv
C00332,Pooja,Rao,pooja.rao332@example.com,9692790631,Pune,2023-07-29,2026-08-09T06:46:32.184008+00:00,customers.csv
C00183,Pooja,Kapoor,,9806340901,Pune,2024-10-20,2026-08-09T06:46:32.184008+00:00,customers.csv
C00380,Riya,Nair,riya.nair380@example.com,9848143863,Bengaluru,2024-05-02,2026-08-09T06:46:32.184008+00:00,customers.csv
C00292,Sara,Kapoor,sara.kapoor292@example.com,9454650074,Bengaluru,2023-08-27,2026-08-09T06:46:32.184008+00:00,customers.csv
C00130,Kabir,Reddy,kabir.reddy130@example.com,9246574716,Pune,2023-07-15,2026-08-09T06:46:32.184008+00:00,customers.csv
C00102,Karan,Verma,karan.verma102@example.com,9893070706,Ahmedabad,2024-07-02,2026-08-09T06:46:32.184008+00:00,customers.csv
C00327,Sneha,Reddy,sneha.reddy327@example.com,9517061783,Delhi,2024-03-02,2026-08-09T06:46:32.184008+00:00,customers.csv
C00016,Pooja,Verma,pooja.verma16@example.com,9602564736,Jaipur,2024-01-30,2026-08-09T06:46:32.184008+00:00,customers.csv
C00011,Sara,Kapoor,sara.kapoor11@example.com,9134467368,Chennai,2023-11-29,2026-08-09T06:46:32.184008+00:00,customers.csv
C00056,Aarav,Kapoor,aarav.kapoor56@example.com,9174539964,Pune,2023-07-17,2026-08-09T06:46:32.184008+00:00,customers.csv
C00306,Kabir,Singh,kabir.singh306@example.com,9689736058,Jaipur,2024-09-12,2026-08-09T06:46:32.184008+00:00,customers.csv
C00246,Diya,Das,diya.das246@example.com,9499446327,Bengaluru,2023-06-07,2026-08-09T06:46:32.184008+00:00,customers.csv
C00018,Anaya,Reddy,,9875340444,Pune,2023-06-11,2026-08-09T06:46:32.184008+00:00,customers.csv
C00151,Isha,Malhotra,,9946764061,Ahmedabad,2024-10-04,2026-08-09T06:46:32.184008+00:00,customers.csv
C00288,Sneha,Malhotra,sneha.malhotra288@example.com,9826517607,Chennai,2023-10-08,2026-08-09T06:46:32.184008+00:00,customers.csv
C00355,Karan,Sharma,karan.sharma355@example.com,9583774585,Hyderabad,2024-10-11,2026-08-09T06:46:32.184008+00:00,customers.csv
C00198,Priya,Nair,priya.nair198@example.com,9257243284,Mumbai,2024-10-22,2026-08-09T06:46:32.184008+00:00,customers.csv
C00121,Rohan,Singh,rohan.singh121@example.com,9819550381,Mumbai,2023-12-23,2026-08-09T06:46:32.184008+00:00,customers.csv
C00294,Anaya,Nair,anaya.nair294@example.com,9925412179,Ahmedabad,2023-10-20,2026-08-09T06:46:32.184008+00:00,customers.csv
C00279,Aarav,Nair,aarav.nair279@example.com,9726745401,Bhubaneswar,2023-12-06,2026-08-09T06:46:32.184008+00:00,customers.csv
C00175,Aditya,Das,aditya.das175@example.com,9222851168,Jaipur,2024-03-16,2026-08-09T06:46:32.184008+00:00,customers.csv
C00140,Anaya,Iyer,anaya.iyer140@example.com,9916440738,Bengaluru,2023-04-03,2026-08-09T06:46:32.184008+00:00,customers.csv
C00094,Nikhil,Reddy,nikhil.reddy94@example.com,9363598427,Bengaluru,2024-08-29,2026-08-09T06:46:32.184008+00:00,customers.csv
C00108,Kabir,Patel,kabir.patel108@example.com,9366493008,Chennai,2024-07-30,2026-08-09T06:46:32.184008+00:00,customers.csv
C00313,Sneha,Sharma,,9539017530,Mumbai,2023-03-12,2026-08-09T06:46:32.184008+00:00,customers.csv
C00215,Aditya,Sharma,aditya.sharma215@example.com,9763606238,Chennai,2024-11-08,2026-08-09T06:46:32.184008+00:00,customers.csv
C00221,Riya,Joshi,riya.joshi221@example.com,9863860982,Bengaluru,2024-01-16,2026-08-09T06:46:32.184008+00:00,customers.csv
C00100,Rahul,Nair,rahul.nair100@example.com,9556881239,Jaipur,2024-04-29,2026-08-09T06:46:32.184008+00:00,customers.csv
C00034,Meera,Reddy,meera.reddy34@example.com,9530613729,Mumbai,2024-05-12,2026-08-09T06:46:32.184008+00:00,customers.csv
C00070,Tara,Iyer,tara.iyer70@example.com,9698509918,Bengaluru,2023-06-30,2026-08-09T06:46:32.184008+00:00,customers.csv
C00240,Priya,Malhotra,priya.malhotra240@example.com,9880697625,Chennai,2024-06-15,2026-08-09T06:46:32.184008+00:00,customers.csv
C00093,Tara,Patel,tara.patel93@example.com,9967797300,Kolkata,2024-06-18,2026-08-09T06:46:32.184008+00:00,customers.csv
C00004,Vihaan,Chatterjee,vihaan.chatterjee4@example.com,9465341213,Delhi,2023-01-07,2026-08-09T06:46:32.184008+00:00,customers.csv
C00312,Dev,Gupta,dev.gupta312@example.com,9148629555,Bengaluru,2023-01-04,2026-08-09T06:46:32.184008+00:00,customers.csv
C00136,Karan,Joshi,karan.joshi136@example.com,,Mumbai,2023-04-13,2026-08-09T06:46:32.184008+00:00,customers.csv
C00019,Aditya,Chatterjee,aditya.chatterjee19@example.com,9771410971,Jaipur,2023-07-02,2026-08-09T06:46:32.184008+00:00,customers.csv
C00153,Arjun,Patel,arjun.patel153@example.com,9392624015,Pune,2024-07-06,2026-08-09T06:46:32.184008+00:00,customers.csv
C00164,Vihaan,Iyer,vihaan.iyer164@example.com,9327746886,Ahmedabad,2023-05-06,2026-08-09T06:46:32.184008+00:00,customers.csv
C00267,Isha,Gupta,isha.gupta267@example.com,9154337019,Chennai,2024-04-05,2026-08-09T06:46:32.184008+00:00,customers.csv
C00308,Priya,Verma,priya.verma308@example.com,9688033900,Delhi,2024-07-31,2026-08-09T06:46:32.184008+00:00,customers.csv
C00029,Rahul,Singh,rahul.singh29@example.com,9304451095,Chennai,2023-09-06,2026-08-09T06:46:32.184008+00:00,customers.csv
C00099,Nikhil,Chatterjee,nikhil.chatterjee99@example.com,9534222401,Pune,2023-01-18,2026-08-09T06:46:32.184008+00:00,customers.csv
C00364,Rohan,Nair,rohan.nair364@example.com,9632363811,Delhi,2023-09-15,2026-08-09T06:46:32.184008+00:00,customers.csv
C00123,Diya,Singh,diya.singh123@example.com,9224469868,Chennai,2023-04-01,2026-08-09T06:46:32.184008+00:00,customers.csv
C00028,Aditya,Iyer,aditya.iyer28@example.com,9242068763,Ahmedabad,2023-10-13,2026-08-09T06:46:32.184008+00:00,customers.csv
C00152,Priya,Rao,priya.rao152@example.com,9450811990,Mumbai,2023-05-15,2026-08-09T06:46:32.184008+00:00,customers.csv
C00201,Karan,Joshi,karan.joshi201@example.com,9173321814,Pune,2024-10-04,2026-08-09T06:46:32.184008+00:00,customers.csv
C00097,Karan,Gupta,karan.gupta97@example.com,9654724287,Bengaluru,2024-09-02,2026-08-09T06:46:32.184008+00:00,customers.csv
C00261,Meera,Kapoor,meera.kapoor261@example.com,,Bhubaneswar,2024-10-01,2026-08-09T06:46:32.184008+00:00,customers.csv
C00106,Rahul,Gupta,rahul.gupta106@example.com,9297958983,Pune,2024-04-25,2026-08-09T06:46:32.184008+00:00,customers.csv
C00337,Riya,Mehta,riya.mehta337@example.com,9982177625,Kolkata,2024-11-01,2026-08-09T06:46:32.184008+00:00,customers.csv
C00014,Sneha,Gupta,sneha.gupta14@example.com,9528853029,Mumbai,2024-08-21,2026-08-09T06:46:32.184008+00:00,customers.csv
C00361,Dev,Sharma,dev.sharma361@example.com,9190945411,Jaipur,2023-10-26,2026-08-09T06:46:32.184008+00:00,customers.csv
C00137,Tara,Joshi,tara.joshi137@example.com,9939156387,Hyderabad,2024-11-01,2026-08-09T06:46:32.184008+00:00,customers.csv
C00044,Sneha,Rao,sneha.rao44@example.com,9966616964,Bhubaneswar,2023-11-06,2026-08-09T06:46:32.184008+00:00,customers.csv
C00385,Arjun,Gupta,arjun.gupta385@example.com,9958459117,Mumbai,2024-12-21,2026-08-09T06:46:32.184008+00:00,customers.csv
C00361,Dev,Sharma,dev.sharma361@example.com,9190945411,Jaipur,2023-10-26,2026-08-09T06:46:32.184008+00:00,customers.csv
C00277,Aditya,Patel,aditya.patel277@example.com,9521931770,Pune,2023-12-02,2026-08-09T06:46:32.184008+00:00,customers.csv
C00162,Vihaan,Sharma,vihaan.sharma162@example.com,9577488537,Hyderabad,2024-12-07,2026-08-09T06:46:32.184008+00:00,customers.csv
C00323,Sara,Reddy,sara.reddy323@example.com,9735297732,Mumbai,2023-11-04,2026-08-09T06:46:32.184008+00:00,customers.csv
C00285,Aditya,Reddy,aditya.reddy285@example.com,9672440825,Hyderabad,2023-11-18,2026-08-09T06:46:32.184008+00:00,customers.csv
C00302,Karan,Malhotra,karan.malhotra302@example.com,9352889019,Pune,2023-09-12,2026-08-09T06:46:32.184008+00:00,customers.csv
C00346,Sara,Gupta,sara.gupta346@example.com,9797818850,Bengaluru,2024-12-01,2026-08-09T06:46:32.184008+00:00,customers.csv
C00072,Pooja,Joshi,pooja.joshi72@example.com,9688273030,Mumbai,2024-05-31,2026-08-09T06:46:32.184008+00:00,customers.csv
C00052,Sneha,Malhotra,sneha.malhotra52@example.com,9354194771,Mumbai,2024-02-21,2026-08-09T06:46:32.184008+00:00,customers.csv
C00045,Sneha,Gupta,sneha.gupta45@example.com,9244193987,Bengaluru,2024-11-10,2026-08-09T06:46:32.184008+00:00,customers.csv
C00367,Kabir,Gupta,kabir.gupta367@example.com,9315662642,Mumbai,2023-11-25,2026-08-09T06:46:32.184008+00:00,customers.csv
C00227,Vihaan,Iyer,vihaan.iyer227@example.com,9753780028,Bengaluru,2023-06-03,2026-08-09T06:46:32.184008+00:00,customers.csv
C00211,Kabir,Das,kabir.das211@example.com,9504456327,Hyderabad,2024-12-26,2026-08-09T06:46:32.184008+00:00,customers.csv
C00078,Aarav,Nair,aarav.nair78@example.com,9997356828,Jaipur,2023-11-02,2026-08-09T06:46:32.184008+00:00,customers.csv
C00319,Isha,Das,isha.das319@example.com,9855147872,Delhi,2023-02-04,2026-08-09T06:46:32.184008+00:00,customers.csv
C00180,Tara,Joshi,tara.joshi180@example.com,9477577220,Jaipur,2023-02-22,2026-08-09T06:46:32.184008+00:00,customers.csv
C00344,Isha,Malhotra,isha.malhotra344@example.com,9306085476,Pune,2023-04-09,2026-08-09T06:46:32.184008+00:00,customers.csv
C00329,Diya,Gupta,diya.gupta329@example.com,9178151583,Ahmedabad,2024-01-22,2026-08-09T06:46:32.184008+00:00,customers.csv
C00310,Rahul,Singh,rahul.singh310@example.com,9159738492,Jaipur,2023-04-04,2026-08-09T06:46:32.184008+00:00,customers.csv
C00289,Priya,Chatterjee,,,Kolkata,2023-05-30,2026-08-09T06:46:32.184008+00:00,customers.csv
C00272,Kabir,Malhotra,kabir.malhotra272@example.com,,Bhubaneswar,2023-09-28,2026-08-09T06:46:32.184008+00:00,customers.csv
C00036,Sneha,Kapoor,sneha.kapoor36@example.com,9333754555,Ahmedabad,2024-05-13,2026-08-09T06:46:32.184008+00:00,customers.csv
C00074,Riya,Kapoor,riya.kapoor74@example.com,9866162966,Pune,2023-09-02,2026-08-09T06:46:32.184008+00:00,customers.csv
C00069,Dev,Iyer,dev.iyer69@example.com,9906341966,Bengaluru,2023-06-01,2026-08-09T06:46:32.184008+00:00,customers.csv
C00196,Sara,Reddy,sara.reddy196@example.com,9524951250,Hyderabad,2024-08-26,2026-08-09T06:46:32.184008+00:00,customers.csv
C00071,Nikhil,Patel,nikhil.patel71@example.com,9739362057,Kolkata,2024-04-20,2026-08-09T06:46:32.184008+00:00,customers.csv
C00154,Riya,Chatterjee,riya.chatterjee154@example.com,9602866993,Mumbai,2023-10-30,2026-08-09T06:46:32.184008+00:00,customers.csv
C00387,Karan,Das,karan.das387@example.com,9222655758,Kolkata,2024-02-02,2026-08-09T06:46:32.184008+00:00,customers.csv
C00161,Tara,Das,tara.das161@example.com,9995171130,Chennai,2023-06-08,2026-08-09T06:46:32.184008+00:00,customers.csv
C00300,Anaya,Das,anaya.das300@example.com,9785826598,Chennai,2024-11-21,2026-08-09T06:46:32.184008+00:00,customers.csv
C00053,Tara,Sharma,tara.sharma53@example.com,9542073642,Delhi,2023-07-03,2026-08-09T06:46:32.184008+00:00,customers.csv
C00046,Sneha,Patel,sneha.patel46@example.com,9870530217,Pune,2023-10-06,2026-08-09T06:46:32.184008+00:00,customers.csv
C00197,Sara,Nair,sara.nair197@example.com,9222435172,Delhi,2023-06-22,2026-08-09T06:46:32.184008+00:00,customers.csv
C00118,Karan,Das,karan.das118@example.com,9824022357,Ahmedabad,2023-09-14,2026-08-09T06:46:32.184008+00:00,customers.csv
C00037,Sneha,Sharma,sneha.sharma37@example.com,9611947770,Jaipur,2023-11-18,2026-08-09T06:46:32.184008+00:00,customers.csv
C00318,Isha,Sharma,isha.sharma318@example.com,9116799547,Bengaluru,2024-11-07,2026-08-09T06:46:32.184008+00:00,customers.csv
C00316,Sara,Joshi,sara.joshi316@example.com,9597146648,Jaipur,2023-01-04,2026-08-09T06:46:32.184008+00:00,customers.csv
C00217,Tara,Nair,tara.nair217@example.com,9755621841,Kolkata,2024-11-23,2026-08-09T06:46:32.184008+00:00,customers.csv
C00062,Aditya,Gupta,aditya.gupta62@example.com,9848621833,Mumbai,2024-11-13,2026-08-09T06:46:32.184008+00:00,customers.csv
C00354,Sara,Joshi,sara.joshi354@example.com,9759132774,Chennai,2023-03-19,2026-08-09T06:46:32.184008+00:00,customers.csv
C00311,Tara,Singh,tara.singh311@example.com,9822378827,Bhubaneswar,2024-07-31,2026-08-09T06:46:32.184008+00:00,customers.csv
C00005,Karan,Verma,karan.verma5@example.com,9469319644,Bhubaneswar,2023-04-05,2026-08-09T06:46:32.184008+00:00,customers.csv
C00228,Anaya,Iyer,,9550784243,Ahmedabad,2023-11-05,2026-08-09T06:46:32.184008+00:00,customers.csv
C00266,Priya,Reddy,priya.reddy266@example.com,9214014134,Kolkata,2023-05-14,2026-08-09T06:46:32.184008+00:00,customers.csv
C00116,Pooja,Rao,pooja.rao116@example.com,9603260608,Chennai,2024-08-05,2026-08-09T06:46:32.184008+00:00,customers.csv
C00304,Diya,Kapoor,diya.kapoor304@example.com,9535312769,Pune,2023-05-02,2026-08-09T06:46:32.184008+00:00,customers.csv
C00339,Diya,Mehta,diya.mehta339@example.com,,Bhubaneswar,2023-02-04,2026-08-09T06:46:32.184008+00:00,customers.csv
C00040,Rahul,Das,rahul.das40@example.com,9319321646,Hyderabad,2024-06-19,2026-08-09T06:46:32.184008+00:00,customers.csv
C00245,Diya,Patel,diya.patel245@example.com,9493342201,Ahmedabad,2023-03-10,2026-08-09T06:46:32.184008+00:00,customers.csv
C00110,Anaya,Joshi,anaya.joshi110@example.com,,Bengaluru,2024-08-25,2026-08-09T06:46:32.184008+00:00,customers.csv
C00342,Aarav,Sharma,aarav.sharma342@example.com,9117959560,Pune,2024-06-28,2026-08-09T06:46:32.184008+00:00,customers.csv
C00049,Tara,Mehta,tara.mehta49@example.com,9841976666,Jaipur,2023-01-10,2026-08-09T06:46:32.184008+00:00,customers.csv
C00047,Aditya,Singh,aditya.singh47@example.com,9554811020,Bhubaneswar,2023-09-15,2026-08-09T06:46:32.184008+00:00,customers.csv
C00373,Rohan,Singh,rohan.singh373@example.com,9673772626,Chennai,2024-09-04,2026-08-09T06:46:32.184008+00:00,customers.csv
C00120,Aditya,Kapoor,aditya.kapoor120@example.com,9728492896,Kolkata,2024-03-28,2026-08-09T06:46:32.184008+00:00,customers.csv
C00157,Rahul,Reddy,rahul.reddy157@example.com,9351064359,Ahmedabad,2024-10-15,2026-08-09T06:46:32.184008+00:00,customers.csv
C00349,Aditya,Malhotra,aditya.malhotra349@example.com,9843338269,Kolkata,2023-02-13,2026-08-09T06:46:32.184008+00:00,customers.csv
C00203,Diya,Nair,diya.nair203@example.com,9196955134,Jaipur,2023-10-21,2026-08-09T06:46:32.184008+00:00,customers.csv
C00027,Rohan,Rao,rohan.rao27@example.com,9133729406,Bengaluru,2024-10-08,2026-08-09T06:46:32.184008+00:00,customers.csv
C00085,Diya,Chatterjee,diya.chatterjee85@example.com,9121882877,Delhi,2023-02-01,2026-08-09T06:46:32.184008+00:00,customers.csv
C00191,Anaya,Iyer,anaya.iyer191@example.com,,Chennai,2023-05-21,2026-08-09T06:46:32.184008+00:00,customers.csv
C00043,Vihaan,Patel,vihaan.patel43@example.com,9496776692,Kolkata,2023-12-24,2026-08-09T06:46:32.184008+00:00,customers.csv
C00129,Aditya,Rao,aditya.rao129@example.com,9607042130,Jaipur,2023-10-07,2026-08-09T06:46:32.184008+00:00,customers.csv
C00185,Rahul,Kapoor,rahul.kapoor185@example.com,9779863265,Bengaluru,2024-02-15,2026-08-09T06:46:32.184008+00:00,customers.csv
C00377,Sneha,Das,sneha.das377@example.com,9501707828,Ahmedabad,2024-12-05,2026-08-09T06:46:32.184008+00:00,customers.csv
C00141,Nikhil,Patel,nikhil.patel141@example.com,9149382425,Bhubaneswar,2024-12-11,2026-08-09T06:46:32.184008+00:00,customers.csv
C00082,Kabir,Joshi,kabir.joshi82@example.com,9507059676,Kolkata,2024-04-17,2026-08-09T06:46:32.184008+00:00,customers.csv
C00155,Sara,Joshi,sara.joshi155@example.com,9963919401,Bengaluru,2024-11-23,2026-08-09T06:46:32.184008+00:00,customers.csv
C00333,Dev,Singh,dev.singh333@example.com,9380849661,Kolkata,2024-06-30,2026-08-09T06:46:32.184008+00:00,customers.csv
C00264,Riya,Iyer,riya.iyer264@example.com,9178354184,Mumbai,2024-12-02,2026-08-09T06:46:32.184008+00:00,customers.csv
C00104,Anaya,Sharma,anaya.sharma104@example.com,9148872110,Jaipur,2024-12-26,2026-08-09T06:46:32.184008+00:00,customers.csv
C00366,Dev,Chatterjee,dev.chatterjee366@example.com,9975610118,Ahmedabad,2023-12-04,2026-08-09T06:46:32.184008+00:00,customers.csv
C00001,Isha,Sharma,isha.sharma1@example.com,9890779946,Jaipur,2023-10-09,2026-08-09T06:46:32.184008+00:00,customers.csv
C00234,Rahul,Rao,,9686277792,Mumbai,2023-12-07,2026-08-09T06:46:32.184008+00:00,customers.csv
C00226,Kabir,Chatterjee,kabir.chatterjee226@example.com,9105638424,Bhubaneswar,2024-12-23,2026-08-09T06:46:32.184008+00:00,customers.csv
C00081,Sneha,Sharma,sneha.sharma81@example.com,9129100607,Chennai,2024-02-08,2026-08-09T06:46:32.184008+00:00,customers.csv
C00064,Dev,Mehta,dev.mehta64@example.com,9561588882,Ahmedabad,2023-01-01,2026-08-09T06:46:32.184008+00:00,customers.csv
C00009,Priya,Nair,priya.nair9@example.com,9833953718,Ahmedabad,2023-08-03,2026-08-09T06:46:32.184008+00:00,customers.csv
C00236,Diya,Gupta,diya.gupta236@example.com,9144996163,Pune,2023-07-26,2026-08-09T06:46:32.184008+00:00,customers.csv
C00321,Kabir,Mehta,kabir.mehta321@example.com,9885460919,Ahmedabad,2023-10-24,2026-08-09T06:46:32.184008+00:00,customers.csv
C00051,Priya,Malhotra,priya.malhotra51@example.com,9367930513,Hyderabad,2023-02-10,2026-08-09T06:46:32.184008+00:00,customers.csv
C00024,Pooja,Reddy,pooja.reddy24@example.com,9840739735,Pune,2023-08-05,2026-08-09T06:46:32.184008+00:00,customers.csv
C00025,Dev,Kapoor,dev.kapoor25@example.com,9655742829,Delhi,2024-10-27,2026-08-09T06:46:32.184008+00:00,customers.csv
C00350,Vihaan,Sharma,vihaan.sharma350@example.com,9705064109,Mumbai,2023-03-18,2026-08-09T06:46:32.184008+00:00,customers.csv
C00176,Arjun,Reddy,arjun.reddy176@example.com,9988434627,Chennai,2024-04-07,2026-08-09T06:46:32.184008+00:00,customers.csv
C00249,Nikhil,Iyer,nikhil.iyer249@example.com,9627422192,Mumbai,2024-09-18,2026-08-09T06:46:32.184008+00:00,customers.csv
C00290,Vihaan,Rao,vihaan.rao290@example.com,9678293640,Jaipur,2024-05-05,2026-08-09T06:46:32.184008+00:00,customers.csv
C00067,Anaya,Iyer,,9362897676,Ahmedabad,2023-07-23,2026-08-09T06:46:32.184008+00:00,customers.csv
C00399,Sara,Iyer,sara.iyer399@example.com,9755263618,Mumbai,2024-08-25,2026-08-09T06:46:32.184008+00:00,customers.csv
C00281,Diya,Das,diya.das281@example.com,9874364174,Chennai,2024-05-06,2026-08-09T06:46:32.184008+00:00,customers.csv
C00173,Rohan,Malhotra,rohan.malhotra173@example.com,9170525764,Ahmedabad,2023-03-24,2026-08-09T06:46:32.184008+00:00,customers.csv
C00146,Anaya,Kapoor,anaya.kapoor146@example.com,9424400672,Chennai,2024-03-10,2026-08-09T06:46:32.184008+00:00,customers.csv
C00166,Sneha,Iyer,sneha.iyer166@example.com,9350180427,Mumbai,2024-08-23,2026-08-09T06:46:32.184008+00:00,customers.csv
C00397,Sneha,Joshi,sneha.joshi397@example.com,9556506372,Delhi,2023-02-12,2026-08-09T06:46:32.184008+00:00,customers.csv
C00254,Pooja,Malhotra,pooja.malhotra254@example.com,9869801588,Jaipur,2023-03-30,2026-08-09T06:46:32.184008+00:00,customers.csv
C00109,Pooja,Das,pooja.das109@example.com,9508427798,Kolkata,2024-09-25,2026-08-09T06:46:32.184008+00:00,customers.csv
C00220,Aditya,Reddy,aditya.reddy220@example.com,9248604290,Bhubaneswar,2023-06-15,2026-08-09T06:46:32.184008+00:00,customers.csv
C00112,Rohan,Patel,rohan.patel112@example.com,9737599912,Bhubaneswar,2023-01-03,2026-08-09T06:46:32.184008+00:00,customers.csv
C00204,Dev,Singh,dev.singh204@example.com,9893410426,Kolkata,2024-08-17,2026-08-09T06:46:32.184008+00:00,customers.csv
C00274,Sneha,Gupta,sneha.gupta274@example.com,9203810954,Hyderabad,2024-09-30,2026-08-09T06:46:32.184008+00:00,customers.csv
C00033,Isha,Sharma,isha.sharma33@example.com,9200140141,Delhi,2024-10-29,2026-08-09T06:46:32.184008+00:00,customers.csv
C00184,Aarav,Patel,aarav.patel184@example.com,,Mumbai,2023-10-07,2026-08-09T06:46:32.184008+00:00,customers.csv
C00358,Dev,Nair,dev.nair358@example.com,9430999662,Pune,2024-01-05,2026-08-09T06:46:32.184008+00:00,customers.csv
C00341,Nikhil,Nair,nikhil.nair341@example.com,9761982621,Kolkata,2023-03-03,2026-08-09T06:46:32.184008+00:00,customers.csv
C00326,Riya,Iyer,riya.iyer326@example.com,9254996504,Bhubaneswar,2023-08-19,2026-08-09T06:46:32.184008+00:00,customers.csv
C00235,Nikhil,Rao,nikhil.rao235@example.com,,Kolkata,2024-05-05,2026-08-09T06:46:32.184008+00:00,customers.csv
C00375,Priya,Patel,,9792596980,Chennai,2024-10-24,2026-08-09T06:46:32.184008+00:00,customers.csv
C00166,Sneha,Iyer,sneha.iyer166@example.com,9350180427,Mumbai,2024-08-23,2026-08-09T06:46:32.184008+00:00,customers.csv
C00376,Karan,Chatterjee,,9377818215,Jaipur,2024-03-16,2026-08-09T06:46:32.184008+00:00,customers.csv
C00002,Rohan,Das,,9334760738,Ahmedabad,2024-03-08,2026-08-09T06:46:32.184008+00:00,customers.csv
C00298,Aditya,Singh,aditya.singh298@example.com,9307029662,Hyderabad,2023-05-18,2026-08-09T06:46:32.184008+00:00,customers.csv
C00168,Isha,Kapoor,,9948239575,Ahmedabad,2023-01-27,2026-08-09T06:46:32.184008+00:00,customers.csv
C00250,Rohan,Singh,rohan.singh250@example.com,9970281936,Hyderabad,2023-06-26,2026-08-09T06:46:32.184008+00:00,customers.csv
C00233,Priya,Gupta,priya.gupta233@example.com,9470228863,Bengaluru,2023-01-17,2026-08-09T06:46:32.184008+00:00,customers.csv
C00189,Aditya,Verma,aditya.verma189@example.com,9828230915,Kolkata,2023-12-20,2026-08-09T06:46:32.184008+00:00,customers.csv
C00356,Sneha,Reddy,sneha.reddy356@example.com,9809391059,Ahmedabad,2024-03-18,2026-08-09T06:46:32.184008+00:00,customers.csv
C00143,Meera,Patel,meera.patel143@example.com,9765408938,Kolkata,2023-03-22,2026-08-09T06:46:32.184008+00:00,customers.csv
C00384,Aarav,Rao,aarav.rao384@example.com,9561228852,Delhi,2024-09-20,2026-08-09T06:46:32.184008+00:00,customers.csv
C00264,Riya,Iyer,riya.iyer264@example.com,9178354184,Mumbai,2024-12-02,2026-08-09T06:46:32.184008+00:00,customers.csv
C00207,Nikhil,Mehta,nikhil.mehta207@example.com,9500346767,Chennai,2024-06-19,2026-08-09T06:46:32.184008+00:00,customers.csv
C00048,Aarav,Nair,aarav.nair48@example.com,9273497327,Jaipur,2023-05-14,2026-08-09T06:46:32.184008+00:00,customers.csv
C00325,Karan,Rao,karan.rao325@example.com,9504221050,Jaipur,2024-03-02,2026-08-09T06:46:32.184008+00:00,customers.csv
C00039,Dev,Verma,dev.verma39@example.com,9142672287,Chennai,2024-08-06,2026-08-09T06:46:32.184008+00:00,customers.csv
C00232,Sneha,Mehta,,,Chennai,2024-06-03,2026-08-09T06:46:32.184008+00:00,customers.csv
C00193,Rohan,Reddy,,9183604337,Ahmedabad,2023-02-13,2026-08-09T06:46:32.184008+00:00,customers.csv
C00213,Aarav,Nair,aarav.nair213@example.com,9466932310,Kolkata,2023-11-13,2026-08-09T06:46:32.184008+00:00,customers.csv
C00322,Pooja,Chatterjee,pooja.chatterjee322@example.com,9253824712,Jaipur,2024-11-19,2026-08-09T06:46:32.184008+00:00,customers.csv
C00138,Pooja,Rao,pooja.rao138@example.com,9452794611,Jaipur,2024-02-12,2026-08-09T06:46:32.184008+00:00,customers.csv
C00324,Tara,Mehta,tara.mehta324@example.com,9790755362,Jaipur,2024-05-22,2026-08-09T06:46:32.184008+00:00,customers.csv
C00296,Dev,Chatterjee,dev.chatterjee296@example.com,9410812797,Bhubaneswar,2024-05-22,2026-08-09T06:46:32.184008+00:00,customers.csv
C00073,Riya,Singh,riya.singh73@example.com,9397760792,Jaipur,2023-09-23,2026-08-09T06:46:32.184008+00:00,customers.csv
C00251,Priya,Rao,priya.rao251@example.com,9422076028,Mumbai,2023-03-08,2026-08-09T06:46:32.184008+00:00,customers.csv
C00202,Vihaan,Das,vihaan.das202@example.com,9433297890,Bhubaneswar,2023-02-27,2026-08-09T06:46:32.184008+00:00,customers.csv
C00347,Dev,Reddy,dev.reddy347@example.com,,Mumbai,2024-01-22,2026-08-09T06:46:32.184008+00:00,customers.csv
C00390,Dev,Reddy,dev.reddy390@example.com,9554234434,Jaipur,2024-09-02,2026-08-09T06:46:32.184008+00:00,customers.csv
C00127,Sara,Rao,sara.rao127@example.com,9692975437,Delhi,2023-06-12,2026-08-09T06:46:32.184008+00:00,customers.csv
C00165,Aarav,Sharma,aarav.sharma165@example.com,9945011302,Bengaluru,2023-12-08,2026-08-09T06:46:32.184008+00:00,customers.csv
C00365,Nikhil,Verma,,9524871030,Ahmedabad,2023-05-19,2026-08-09T06:46:32.184008+00:00,customers.csv
C00075,Karan,Nair,karan.nair75@example.com,9348315126,Mumbai,2024-07-07,2026-08-09T06:46:32.184008+00:00,customers.csv
C00128,Isha,Singh,isha.singh128@example.com,9635126623,Pune,2023-05-01,2026-08-09T06:46:32.184008+00:00,customers.csv
C00068,Rohan,Singh,rohan.singh68@example.com,9871318048,Kolkata,2024-02-29,2026-08-09T06:46:32.184008+00:00,customers.csv
C00360,Isha,Sharma,isha.sharma360@example.com,9740942859,Hyderabad,2023-04-02,2026-08-09T06:46:32.184008+00:00,customers.csv
C00065,Karan,Singh,karan.singh65@example.com,9648868899,Mumbai,2024-03-28,2026-08-09T06:46:32.184008+00:00,customers.csv
C00336,Tara,Gupta,tara.gupta336@example.com,9507849850,Delhi,2023-06-06,2026-08-09T06:46:32.184008+00:00,customers.csv
C00142,Anaya,Nair,anaya.nair142@example.com,9670335494,Mumbai,2024-01-19,2026-08-09T06:46:32.184008+00:00,customers.csv
C00031,Diya,Reddy,diya.reddy31@example.com,9304235259,Mumbai,2023-12-14,2026-08-09T06:46:32.184008+00:00,customers.csv
