customer_id,first_name,last_name,email,phone,city,signup_date
C00262,Rohan,Sharma,rohan.sharma262@example.com,9326353775.0,Chennai,2024-10-18
C00229,Nikhil,Verma,nikhil.verma229@example.com,9117647321.0,Ahmedabad,2023-04-24
C00214,Arjun,Iyer,arjun.iyer214@example.com,9946237594.0,Jaipur,2023-05-21
C00243,Priya,Das,priya.das243@example.com,9949842840.0,Bengaluru,2024-03-21
C00057,Priya,Kapoor,priya.kapoor57@example.com,9675757257.0,Bhubaneswar,2024-06-05
C00348,Rohan,Singh,rohan.singh348@example.com,9707583925.0,Bengaluru,2024-03-20
C00125,Aditya,Nair,aditya.nair125@example.com,UNKNOWN,Pune,2024-09-29
C00088,Anaya,Verma,anaya.verma88@example.com,9718257024.0,Chennai,2024-08-15
C00199,Pooja,Patel,pooja.patel199@example.com,9929839316.0,Kolkata,2024-11-02
C00223,Rohan,Malhotra,rohan.malhotra223@example.com,9128636900.0,Chennai,2023-08-16
C00394,Riya,Patel,UNKNOWN,9917178325.0,Bhubaneswar,2023-03-26
C00212,Kabir,Kapoor,kabir.kapoor212@example.com,9819896690.0,Hyderabad,2024-12-20
C00388,Pooja,Patel,pooja.patel388@example.com,9733688460.0,Mumbai,2024-11-20
C00090,Anaya,Joshi,anaya.joshi90@example.com,9954942461.0,Bhubaneswar,2024-12-01
C00149,Pooja,Rao,pooja.rao149@example.com,9347087743.0,Hyderabad,2024-05-23
C00091,Priya,Mehta,priya.mehta91@example.com,9795294275.0,Chennai,2024-03-14
C00268,Pooja,Reddy,pooja.reddy268@example.com,9720286733.0,Delhi,2023-09-12
C00258,Kabir,Gupta,kabir.gupta258@example.com,9861639583.0,Jaipur,2023-06-18
C00330,Sneha,Iyer,sneha.iyer330@example.com,9457517705.0,Bhubaneswar,2024-05-05
C00270,Dev,Mehta,dev.mehta270@example.com,UNKNOWN,Pune,2024-04-13
C00283,Nikhil,Nair,nikhil.nair283@example.com,9318927025.0,Ahmedabad,2024-03-04
C00098,Sara,Rao,sara.rao98@example.com,9358045858.0,Kolkata,2024-02-21
C00013,Dev,Malhotra,dev.malhotra13@example.com,9249926919.0,Jaipur,2024-10-20
C00222,Anaya,Verma,anaya.verma222@example.com,9651208305.0,Chennai,2023-06-14
C00263,Pooja,Kapoor,pooja.kapoor263@example.com,9685809361.0,Pune,2023-02-01
C00058,Isha,Malhotra,isha.malhotra58@example.com,UNKNOWN,Ahmedabad,2023-09-25
C00372,Kabir,Kapoor,kabir.kapoor372@example.com,9265510032.0,Chennai,2023-11-07
C00190,Aditya,Kapoor,aditya.kapoor190@example.com,UNKNOWN,Delhi,2023-11-12
C00260,Pooja,Mehta,pooja.mehta260@example.com,9735449477.0,Mumbai,2023-04-06
C00282,Kabir,Joshi,UNKNOWN,9852178601.0,Bhubaneswar,2024-11-28
C00239,Dev,Rao,dev.rao239@example.com,9300593456.0,Kolkata,2024-03-26
C00119,Rahul,Sharma,rahul.sharma119@example.com,9919382051.0,Kolkata,2024-11-19
C00340,Tara,Patel,tara.patel340@example.com,UNKNOWN,Jaipur,2024-10-07
C00237,Aditya,Reddy,aditya.reddy237@example.com,9908839964.0,Pune,2024-07-10
C00309,Rahul,Mehta,rahul.mehta309@example.com,9658712474.0,Delhi,2023-06-03
C00382,Sara,Mehta,sara.mehta382@example.com,9701133236.0,Kolkata,2023-06-28
C00137,Tara,Joshi,tara.joshi137@example.com,9939156387.0,Hyderabad,2024-11-01
C00368,Dev,Nair,dev.nair368@example.com,9718345671.0,Hyderabad,2023-10-26
C00351,Karan,Sharma,karan.sharma351@example.com,9981209973.0,Chennai,2023-08-01
C00353,Karan,Reddy,karan.reddy353@example.com,UNKNOWN,Chennai,2023-05-24
C00297,Anaya,Das,anaya.das297@example.com,9459748735.0,Jaipur,2024-09-09
C00269,Meera,Singh,meera.singh269@example.com,9431292818.0,Bengaluru,2024-06-11
C00362,Sara,Das,sara.das362@example.com,9282001119.0,Pune,2024-06-17
C00115,Sara,Kapoor,sara.kapoor115@example.com,UNKNOWN,Pune,2023-06-02
C00286,Vihaan,Das,vihaan.das286@example.com,9399580835.0,Delhi,2024-05-10
C00301,Aditya,Nair,aditya.nair301@example.com,9298407302.0,Kolkata,2023-03-30
C00105,Anaya,Rao,anaya.rao105@example.com,9627076988.0,Bhubaneswar,2023-05-10
C00148,Aarav,Joshi,aarav.joshi148@example.com,9707661655.0,Bhubaneswar,2024-11-05
C00276,Diya,Patel,diya.patel276@example.com,9657629251.0,Ahmedabad,2024-12-31
C00248,Aarav,Rao,aarav.rao248@example.com,9703091482.0,Pune,2023-07-10
C00219,Priya,Kapoor,priya.kapoor219@example.com,9402550088.0,Jaipur,2024-08-07
C00242,Anaya,Singh,anaya.singh242@example.com,9576642996.0,Bhubaneswar,2024-09-09
C00265,Nikhil,Reddy,nikhil.reddy265@example.com,9751396498.0,Hyderabad,2024-05-10
C00255,Tara,Chatterjee,tara.chatterjee255@example.com,9440405868.0,Kolkata,2024-02-24
C00241,Pooja,Joshi,pooja.joshi241@example.com,9210163669.0,Pune,2023-07-04
C00126,Sneha,Patel,sneha.patel126@example.com,9620455331.0,Ahmedabad,2023-10-22
C00077,Tara,Reddy,tara.reddy77@example.com,9922050912.0,Kolkata,2024-08-21
C00055,Arjun,Joshi,arjun.joshi55@example.com,9953995721.0,Delhi,2024-04-16
C00352,Rohan,Gupta,rohan.gupta352@example.com,9996199211.0,Jaipur,2023-06-16
C00294,Anaya,Nair,anaya.nair294@example.com,9925412179.0,Ahmedabad,2023-10-20
C00374,Sneha,Sharma,sneha.sharma374@example.com,9191248659.0,Delhi,2024-01-04
C00345,Priya,Gupta,priya.gupta345@example.com,9535968611.0,Delhi,2024-02-11
C00378,Aditya,Patel,aditya.patel378@example.com,9417217932.0,Bengaluru,2023-12-20
C00287,Anaya,Chatterjee,anaya.chatterjee287@example.com,9625063062.0,Hyderabad,2023-10-23
C00170,Rohan,Singh,rohan.singh170@example.com,9217095851.0,Delhi,2024-04-04
C00150,Sara,Kapoor,sara.kapoor150@example.com,9911294971.0,Mumbai,2023-07-14
C00218,Sara,Mehta,sara.mehta218@example.com,9942211135.0,Delhi,2023-09-02
C00395,Vihaan,Iyer,vihaan.iyer395@example.com,9591045102.0,Kolkata,2024-07-04
C00132,Rahul,Kapoor,rahul.kapoor132@example.com,9620057604.0,Jaipur,2024-05-16
C00257,Meera,Chatterjee,meera.chatterjee257@example.com,9159499094.0,Jaipur,2023-05-13
C00079,Pooja,Malhotra,pooja.malhotra79@example.com,9567975319.0,Chennai,2023-08-14
C00192,Meera,Patel,meera.patel192@example.com,9637152602.0,Hyderabad,2024-01-25
C00083,Karan,Nair,karan.nair83@example.com,9993271900.0,Bengaluru,2024-01-24
C00076,Arjun,Verma,arjun.verma76@example.com,9600282414.0,Delhi,2024-02-29
C00114,Vihaan,Chatterjee,vihaan.chatterjee114@example.com,9312406764.0,Jaipur,2024-10-02
C00314,Tara,Nair,tara.nair314@example.com,9505333621.0,Jaipur,2024-01-27
C00231,Tara,Patel,tara.patel231@example.com,UNKNOWN,Jaipur,2024-11-11
C00392,Pooja,Sharma,pooja.sharma392@example.com,9309517616.0,Jaipur,2024-01-03
C00400,Pooja,Patel,pooja.patel400@example.com,9712112671.0,Pune,2023-07-31
C00038,Meera,Sharma,meera.sharma38@example.com,9173574218.0,Delhi,2024-06-04
C00026,Sara,Verma,sara.verma26@example.com,9347083812.0,Bhubaneswar,2023-12-13
C00145,Nikhil,Malhotra,nikhil.malhotra145@example.com,9574303740.0,Ahmedabad,2023-10-22
C00379,Isha,Joshi,isha.joshi379@example.com,9588909690.0,Jaipur,2023-05-26
C00385,Arjun,Gupta,arjun.gupta385@example.com,9958459117.0,Mumbai,2024-12-21
C00124,Aditya,Joshi,aditya.joshi124@example.com,9596043327.0,Delhi,2023-01-02
C00335,Rahul,Joshi,UNKNOWN,9694113766.0,Ahmedabad,2023-08-15
C00111,Arjun,Kapoor,arjun.kapoor111@example.com,9268638768.0,Jaipur,2023-08-05
C00393,Aditya,Kapoor,aditya.kapoor393@example.com,9546279777.0,Kolkata,2024-05-21
C00315,Kabir,Kapoor,kabir.kapoor315@example.com,9676876906.0,Mumbai,2023-12-23
C00060,Arjun,Gupta,UNKNOWN,9965984448.0,Delhi,2023-02-15
C00087,Priya,Patel,priya.patel87@example.com,9871330207.0,Mumbai,2024-09-12
C00278,Rahul,Nair,rahul.nair278@example.com,9861003571.0,Kolkata,2024-06-03
C00006,Nikhil,Mehta,nikhil.mehta6@example.com,9414797776.0,Ahmedabad,2023-05-08
C00160,Isha,Iyer,isha.iyer160@example.com,9498370582.0,Jaipur,2024-07-04
C00338,Nikhil,Patel,nikhil.patel338@example.com,9686849648.0,Jaipur,2023-12-27
C00122,Karan,Reddy,karan.reddy122@example.com,9529982328.0,Jaipur,2024-12-11
C00007,Priya,Das,UNKNOWN,9344703907.0,Bengaluru,2023-07-16
C00049,Tara,Mehta,tara.mehta49@example.com,9841976666.0,Jaipur,2023-01-10
C00244,Dev,Nair,dev.nair244@example.com,9253308283.0,Kolkata,2024-06-09
C00334,Nikhil,Verma,nikhil.verma334@example.com,9498041381.0,Bhubaneswar,2024-04-25
C00307,Arjun,Chatterjee,arjun.chatterjee307@example.com,9187907572.0,Jaipur,2023-09-11
C00010,Meera,Mehta,meera.mehta10@example.com,9389854268.0,Jaipur,2023-09-08
C00035,Dev,Sharma,dev.sharma35@example.com,9943026227.0,Chennai,2024-02-04
C00195,Meera,Chatterjee,meera.chatterjee195@example.com,9488536370.0,Bengaluru,2024-09-24
C00386,Priya,Nair,priya.nair386@example.com,9820160169.0,Jaipur,2023-07-21
C00113,Sara,Gupta,sara.gupta113@example.com,UNKNOWN,Delhi,2024-12-24
C00032,Tara,Patel,tara.patel32@example.com,9180943908.0,Jaipur,2023-10-13
C00188,Vihaan,Singh,vihaan.singh188@example.com,9574641329.0,Delhi,2024-11-08
C00256,Nikhil,Kapoor,nikhil.kapoor256@example.com,9990189659.0,Ahmedabad,2024-06-13
C00054,Vihaan,Patel,vihaan.patel54@example.com,9141580226.0,Delhi,2024-12-19
C00194,Tara,Das,tara.das194@example.com,9223666470.0,Hyderabad,2024-02-19
C00139,Dev,Nair,dev.nair139@example.com,9138546365.0,Delhi,2024-10-03
C00092,Riya,Verma,riya.verma92@example.com,9989817696.0,Mumbai,2024-03-19
C00209,Karan,Verma,karan.verma209@example.com,9877103091.0,Ahmedabad,2024-07-25
C00295,Sara,Mehta,sara.mehta295@example.com,9999371401.0,Bhubaneswar,2023-02-08
C00247,Rahul,Patel,rahul.patel247@example.com,9797460535.0,Bengaluru,2024-06-26
C00259,Anaya,Joshi,anaya.joshi259@example.com,9691461470.0,Pune,2023-03-22
C00398,Anaya,Joshi,anaya.joshi398@example.com,9976955647.0,Bengaluru,2023-02-03
C00210,Kabir,Nair,kabir.nair210@example.com,9475617211.0,Chennai,2023-03-25
C00147,Riya,Verma,riya.verma147@example.com,9717199615.0,Pune,2023-08-31
C00303,Karan,Gupta,UNKNOWN,9801887172.0,Delhi,2024-08-19
C00050,Diya,Joshi,diya.joshi50@example.com,9561479973.0,Pune,2024-01-14
C00396,Sneha,Mehta,sneha.mehta396@example.com,9932271276.0,Hyderabad,2023-04-26
C00061,Priya,Reddy,priya.reddy61@example.com,9812306873.0,Pune,2023-03-13
C00216,Kabir,Patel,kabir.patel216@example.com,9277746324.0,Bhubaneswar,2023-07-05
C00181,Arjun,Patel,arjun.patel181@example.com,9216198604.0,Jaipur,2024-11-03
C00381,Anaya,Sharma,UNKNOWN,9468377143.0,Mumbai,2024-12-28
C00012,Vihaan,Verma,vihaan.verma12@example.com,9437882805.0,Kolkata,2023-08-05
C00320,Diya,Reddy,diya.reddy320@example.com,9910015485.0,Bhubaneswar,2024-03-25
C00144,Rahul,Patel,rahul.patel144@example.com,9593460064.0,Bhubaneswar,2023-08-26
C00059,Tara,Nair,tara.nair59@example.com,9649136331.0,Ahmedabad,2023-11-18
C00178,Rohan,Verma,rohan.verma178@example.com,9899496315.0,Mumbai,2023-03-29
C00328,Karan,Kapoor,karan.kapoor328@example.com,9199282456.0,Delhi,2023-03-22
C00066,Rohan,Gupta,rohan.gupta66@example.com,9200273738.0,Delhi,2024-06-11
C00041,Sara,Gupta,sara.gupta41@example.com,9422119408.0,Bengaluru,2024-02-10
C00095,Vihaan,Malhotra,vihaan.malhotra95@example.com,9711871397.0,Chennai,2024-04-06
C00159,Tara,Verma,tara.verma159@example.com,9426808977.0,Bengaluru,2023-05-24
C00238,Priya,Joshi,priya.joshi238@example.com,9233654018.0,Chennai,2023-02-18
C00174,Rahul,Mehta,rahul.mehta174@example.com,9741444618.0,Kolkata,2024-12-30
C00305,Isha,Kapoor,isha.kapoor305@example.com,9335287540.0,Kolkata,2023-10-30
C00230,Sara,Rao,sara.rao230@example.com,9760146764.0,Ahmedabad,2023-05-28
C00177,Isha,Nair,isha.nair177@example.com,9501902658.0,Kolkata,2024-03-13
C00389,Karan,Verma,karan.verma389@example.com,9500834337.0,Jaipur,2023-09-02
C00020,Pooja,Iyer,pooja.iyer20@example.com,9679153816.0,Jaipur,2023-06-06
C00224,Aditya,Nair,aditya.nair224@example.com,9502559419.0,Hyderabad,2023-08-30
C00187,Rahul,Das,rahul.das187@example.com,9910069356.0,Bengaluru,2023-03-28
C00135,Dev,Kapoor,dev.kapoor135@example.com,9139749508.0,Ahmedabad,2024-10-29
C00070,Tara,Iyer,tara.iyer70@example.com,9698509918.0,Bengaluru,2023-06-30
C00284,Riya,Joshi,riya.joshi284@example.com,9702247585.0,Kolkata,2023-03-05
C00086,Kabir,Singh,kabir.singh86@example.com,9334037646.0,Pune,2024-11-16
C00008,Sara,Joshi,sara.joshi8@example.com,9782560971.0,Mumbai,2023-04-14
C00172,Riya,Joshi,riya.joshi172@example.com,9626422169.0,Kolkata,2024-02-16
C00293,Kabir,Sharma,kabir.sharma293@example.com,9610778600.0,Delhi,2024-07-17
C00370,Meera,Kapoor,meera.kapoor370@example.com,9595663087.0,Delhi,2024-07-17
C00096,Karan,Sharma,karan.sharma96@example.com,9327761953.0,Pune,2024-05-21
C00331,Arjun,Malhotra,arjun.malhotra331@example.com,9909956465.0,Delhi,2023-07-14
C00357,Anaya,Chatterjee,anaya.chatterjee357@example.com,9265593497.0,Mumbai,2023-09-10
C00133,Sneha,Reddy,sneha.reddy133@example.com,9848933239.0,Chennai,2024-04-11
C00134,Sara,Joshi,sara.joshi134@example.com,9607854378.0,Chennai,2024-02-25
C00089,Dev,Rao,dev.rao89@example.com,9991819497.0,Bengaluru,2023-07-23
C00252,Priya,Mehta,priya.mehta252@example.com,9950474042.0,Kolkata,2023-08-18
C00042,Aarav,Singh,aarav.singh42@example.com,9178663096.0,Jaipur,2024-09-28
C00003,Aarav,Mehta,aarav.mehta3@example.com,9550455977.0,Ahmedabad,2023-07-23
C00291,Vihaan,Patel,vihaan.patel291@example.com,9356927167.0,Jaipur,2023-04-22
C00225,Isha,Joshi,isha.joshi225@example.com,UNKNOWN,Kolkata,2024-10-27
C00211,Kabir,Das,kabir.das211@example.com,9504456327.0,Hyderabad,2024-12-26
C00383,Sara,Chatterjee,sara.chatterjee383@example.com,9787708952.0,Chennai,2024-02-19
C00169,Karan,Sharma,karan.sharma169@example.com,9896413702.0,Bengaluru,2023-06-28
C00171,Pooja,Sharma,pooja.sharma171@example.com,9790781796.0,Bhubaneswar,2024-11-05
C00186,Aditya,Iyer,aditya.iyer186@example.com,9269016920.0,Hyderabad,2024-01-21
C00182,Priya,Verma,priya.verma182@example.com,9560755939.0,Ahmedabad,2023-10-13
C00156,Dev,Sharma,dev.sharma156@example.com,9495765839.0,Pune,2023-09-28
C00391,Meera,Mehta,meera.mehta391@example.com,9300895568.0,Kolkata,2023-06-20
C00117,Vihaan,Mehta,vihaan.mehta117@example.com,UNKNOWN,Chennai,2024-07-06
C00030,Priya,Reddy,priya.reddy30@example.com,9158165865.0,Bengaluru,2024-02-25
C00371,Nikhil,Chatterjee,nikhil.chatterjee371@example.com,9954330018.0,Kolkata,2023-10-26
C00023,Sneha,Chatterjee,sneha.chatterjee23@example.com,9690347116.0,Jaipur,2023-05-09
C00063,Arjun,Reddy,arjun.reddy63@example.com,9286860433.0,Pune,2024-11-11
C00015,Aditya,Singh,aditya.singh15@example.com,9264112119.0,Chennai,2023-04-04
C00253,Aarav,Nair,aarav.nair253@example.com,9962925204.0,Mumbai,2024-07-21
C00280,Pooja,Singh,pooja.singh280@example.com,9933397627.0,Delhi,2023-09-29
C00179,Sneha,Sharma,sneha.sharma179@example.com,9819421270.0,Hyderabad,2024-08-23
C00200,Rahul,Chatterjee,rahul.chatterjee200@example.com,9706118438.0,Ahmedabad,2024-08-16
C00017,Aarav,Kapoor,aarav.kapoor17@example.com,9925276600.0,Bengaluru,2023-04-28
C00343,Sneha,Gupta,sneha.gupta343@example.com,9823737375.0,Mumbai,2023-01-18
C00167,Pooja,Sharma,pooja.sharma167@example.com,9680051935.0,Mumbai,2023-10-11
C00163,Isha,Kapoor,isha.kapoor163@example.com,9792377512.0,Chennai,2024-01-12
C00359,Isha,Patel,isha.patel359@example.com,9698058121.0,Chennai,2023-03-31
C00101,Karan,Nair,karan.nair101@example.com,9369942642.0,Delhi,2024-12-20
C00084,Riya,Sharma,riya.sharma84@example.com,9475767056.0,Bengaluru,2024-07-06
C00205,Rahul,Kapoor,rahul.kapoor205@example.com,9638339044.0,Bhubaneswar,2023-07-12
C00273,Rahul,Mehta,rahul.mehta273@example.com,9178954113.0,Kolkata,2023-07-19
C00299,Meera,Rao,meera.rao299@example.com,UNKNOWN,Hyderabad,2024-04-14
C00131,Tara,Nair,tara.nair131@example.com,9403696046.0,Ahmedabad,2024-06-03
C00021,Aarav,Das,UNKNOWN,9489747629.0,Pune,2023-11-28
C00080,Karan,Kapoor,karan.kapoor80@example.com,9601856351.0,Ahmedabad,2024-11-26
C00208,Tara,Chatterjee,tara.chatterjee208@example.com,9777409303.0,Bengaluru,2023-12-13
C00271,Riya,Das,riya.das271@example.com,9108780419.0,Chennai,2024-10-31
C00317,Tara,Mehta,tara.mehta317@example.com,9471686188.0,Delhi,2024-01-24
C00158,Sneha,Nair,sneha.nair158@example.com,9782259766.0,Pune,2024-09-16
C00206,Nikhil,Verma,nikhil.verma206@example.com,UNKNOWN,Kolkata,2023-12-18
C00363,Vihaan,Singh,vihaan.singh363@example.com,9396311802.0,Kolkata,2023-05-30
C00306,Kabir,Singh,kabir.singh306@example.com,9689736058.0,Jaipur,2024-09-12
C00022,Sara,Sharma,sara.sharma22@example.com,9191969690.0,Bengaluru,2023-09-04
C00103,Aditya,Das,aditya.das103@example.com,9418092217.0,Mumbai,2023-10-17
C00369,Dev,Gupta,dev.gupta369@example.com,9705429879.0,Jaipur,2024-02-07
C00107,Riya,Verma,riya.verma107@example.com,9719571745.0,Bhubaneswar,2023-03-08
C00275,Sneha,Nair,sneha.nair275@example.com,9530986098.0,Bhubaneswar,2023-05-28
C00332,Pooja,Rao,pooja.rao332@example.com,9692790631.0,Pune,2023-07-29
C00183,Pooja,Kapoor,UNKNOWN,9806340901.0,Pune,2024-10-20
C00380,Riya,Nair,riya.nair380@example.com,9848143863.0,Bengaluru,2024-05-02
C00292,Sara,Kapoor,sara.kapoor292@example.com,9454650074.0,Bengaluru,2023-08-27
C00130,Kabir,Reddy,kabir.reddy130@example.com,9246574716.0,Pune,2023-07-15
C00102,Karan,Verma,karan.verma102@example.com,9893070706.0,Ahmedabad,2024-07-02
C00327,Sneha,Reddy,sneha.reddy327@example.com,9517061783.0,Delhi,2024-03-02
C00016,Pooja,Verma,pooja.verma16@example.com,9602564736.0,Jaipur,2024-01-30
C00011,Sara,Kapoor,sara.kapoor11@example.com,9134467368.0,Chennai,2023-11-29
C00056,Aarav,Kapoor,aarav.kapoor56@example.com,9174539964.0,Pune,2023-07-17
C00246,Diya,Das,diya.das246@example.com,9499446327.0,Bengaluru,2023-06-07
C00018,Anaya,Reddy,UNKNOWN,9875340444.0,Pune,2023-06-11
C00151,Isha,Malhotra,UNKNOWN,9946764061.0,Ahmedabad,2024-10-04
C00288,Sneha,Malhotra,sneha.malhotra288@example.com,9826517607.0,Chennai,2023-10-08
C00355,Karan,Sharma,karan.sharma355@example.com,9583774585.0,Hyderabad,2024-10-11
C00198,Priya,Nair,priya.nair198@example.com,9257243284.0,Mumbai,2024-10-22
C00121,Rohan,Singh,rohan.singh121@example.com,9819550381.0,Mumbai,2023-12-23
C00279,Aarav,Nair,aarav.nair279@example.com,9726745401.0,Bhubaneswar,2023-12-06
C00175,Aditya,Das,aditya.das175@example.com,9222851168.0,Jaipur,2024-03-16
C00140,Anaya,Iyer,anaya.iyer140@example.com,9916440738.0,Bengaluru,2023-04-03
C00094,Nikhil,Reddy,nikhil.reddy94@example.com,9363598427.0,Bengaluru,2024-08-29
C00108,Kabir,Patel,kabir.patel108@example.com,9366493008.0,Chennai,2024-07-30
C00313,Sneha,Sharma,UNKNOWN,9539017530.0,Mumbai,2023-03-12
C00215,Aditya,Sharma,aditya.sharma215@example.com,9763606238.0,Chennai,2024-11-08
C00221,Riya,Joshi,riya.joshi221@example.com,9863860982.0,Bengaluru,2024-01-16
C00100,Rahul,Nair,rahul.nair100@example.com,9556881239.0,Jaipur,2024-04-29
C00034,Meera,Reddy,meera.reddy34@example.com,9530613729.0,Mumbai,2024-05-12
C00240,Priya,Malhotra,priya.malhotra240@example.com,9880697625.0,Chennai,2024-06-15
C00093,Tara,Patel,tara.patel93@example.com,9967797300.0,Kolkata,2024-06-18
C00004,Vihaan,Chatterjee,vihaan.chatterjee4@example.com,9465341213.0,Delhi,2023-01-07
C00312,Dev,Gupta,dev.gupta312@example.com,9148629555.0,Bengaluru,2023-01-04
C00136,Karan,Joshi,karan.joshi136@example.com,UNKNOWN,Mumbai,2023-04-13
C00019,Aditya,Chatterjee,aditya.chatterjee19@example.com,9771410971.0,Jaipur,2023-07-02
C00153,Arjun,Patel,arjun.patel153@example.com,9392624015.0,Pune,2024-07-06
C00164,Vihaan,Iyer,vihaan.iyer164@example.com,9327746886.0,Ahmedabad,2023-05-06
C00267,Isha,Gupta,isha.gupta267@example.com,9154337019.0,Chennai,2024-04-05
C00308,Priya,Verma,priya.verma308@example.com,9688033900.0,Delhi,2024-07-31
C00029,Rahul,Singh,rahul.singh29@example.com,9304451095.0,Chennai,2023-09-06
C00099,Nikhil,Chatterjee,nikhil.chatterjee99@example.com,9534222401.0,Pune,2023-01-18
C00364,Rohan,Nair,rohan.nair364@example.com,9632363811.0,Delhi,2023-09-15
C00123,Diya,Singh,diya.singh123@example.com,9224469868.0,Chennai,2023-04-01
C00028,Aditya,Iyer,aditya.iyer28@example.com,9242068763.0,Ahmedabad,2023-10-13
C00152,Priya,Rao,priya.rao152@example.com,9450811990.0,Mumbai,2023-05-15
C00201,Karan,Joshi,karan.joshi201@example.com,9173321814.0,Pune,2024-10-04
C00097,Karan,Gupta,karan.gupta97@example.com,9654724287.0,Bengaluru,2024-09-02
C00261,Meera,Kapoor,meera.kapoor261@example.com,UNKNOWN,Bhubaneswar,2024-10-01
C00106,Rahul,Gupta,rahul.gupta106@example.com,9297958983.0,Pune,2024-04-25
C00337,Riya,Mehta,riya.mehta337@example.com,9982177625.0,Kolkata,2024-11-01
C00014,Sneha,Gupta,sneha.gupta14@example.com,9528853029.0,Mumbai,2024-08-21
C00361,Dev,Sharma,dev.sharma361@example.com,9190945411.0,Jaipur,2023-10-26
C00044,Sneha,Rao,sneha.rao44@example.com,9966616964.0,Bhubaneswar,2023-11-06
C00277,Aditya,Patel,aditya.patel277@example.com,9521931770.0,Pune,2023-12-02
C00162,Vihaan,Sharma,vihaan.sharma162@example.com,9577488537.0,Hyderabad,2024-12-07
C00323,Sara,Reddy,sara.reddy323@example.com,9735297732.0,Mumbai,2023-11-04
C00285,Aditya,Reddy,aditya.reddy285@example.com,9672440825.0,Hyderabad,2023-11-18
C00302,Karan,Malhotra,karan.malhotra302@example.com,9352889019.0,Pune,2023-09-12
C00346,Sara,Gupta,sara.gupta346@example.com,9797818850.0,Bengaluru,2024-12-01
C00072,Pooja,Joshi,pooja.joshi72@example.com,9688273030.0,Mumbai,2024-05-31
C00052,Sneha,Malhotra,sneha.malhotra52@example.com,9354194771.0,Mumbai,2024-02-21
C00045,Sneha,Gupta,sneha.gupta45@example.com,9244193987.0,Bengaluru,2024-11-10
C00367,Kabir,Gupta,kabir.gupta367@example.com,9315662642.0,Mumbai,2023-11-25
C00227,Vihaan,Iyer,vihaan.iyer227@example.com,9753780028.0,Bengaluru,2023-06-03
C00078,Aarav,Nair,aarav.nair78@example.com,9997356828.0,Jaipur,2023-11-02
C00319,Isha,Das,isha.das319@example.com,9855147872.0,Delhi,2023-02-04
C00180,Tara,Joshi,tara.joshi180@example.com,9477577220.0,Jaipur,2023-02-22
C00344,Isha,Malhotra,isha.malhotra344@example.com,9306085476.0,Pune,2023-04-09
C00329,Diya,Gupta,diya.gupta329@example.com,9178151583.0,Ahmedabad,2024-01-22
C00310,Rahul,Singh,rahul.singh310@example.com,9159738492.0,Jaipur,2023-04-04
C00289,Priya,Chatterjee,UNKNOWN,UNKNOWN,Kolkata,2023-05-30
C00272,Kabir,Malhotra,kabir.malhotra272@example.com,UNKNOWN,Bhubaneswar,2023-09-28
C00036,Sneha,Kapoor,sneha.kapoor36@example.com,9333754555.0,Ahmedabad,2024-05-13
C00074,Riya,Kapoor,riya.kapoor74@example.com,9866162966.0,Pune,2023-09-02
C00069,Dev,Iyer,dev.iyer69@example.com,9906341966.0,Bengaluru,2023-06-01
C00196,Sara,Reddy,sara.reddy196@example.com,9524951250.0,Hyderabad,2024-08-26
C00071,Nikhil,Patel,nikhil.patel71@example.com,9739362057.0,Kolkata,2024-04-20
C00154,Riya,Chatterjee,riya.chatterjee154@example.com,9602866993.0,Mumbai,2023-10-30
C00387,Karan,Das,karan.das387@example.com,9222655758.0,Kolkata,2024-02-02
C00161,Tara,Das,tara.das161@example.com,9995171130.0,Chennai,2023-06-08
C00300,Anaya,Das,anaya.das300@example.com,9785826598.0,Chennai,2024-11-21
C00053,Tara,Sharma,tara.sharma53@example.com,9542073642.0,Delhi,2023-07-03
C00046,Sneha,Patel,sneha.patel46@example.com,9870530217.0,Pune,2023-10-06
C00197,Sara,Nair,sara.nair197@example.com,9222435172.0,Delhi,2023-06-22
C00118,Karan,Das,karan.das118@example.com,9824022357.0,Ahmedabad,2023-09-14
C00037,Sneha,Sharma,sneha.sharma37@example.com,9611947770.0,Jaipur,2023-11-18
C00318,Isha,Sharma,isha.sharma318@example.com,9116799547.0,Bengaluru,2024-11-07
C00316,Sara,Joshi,sara.joshi316@example.com,9597146648.0,Jaipur,2023-01-04
C00217,Tara,Nair,tara.nair217@example.com,9755621841.0,Kolkata,2024-11-23
C00062,Aditya,Gupta,aditya.gupta62@example.com,9848621833.0,Mumbai,2024-11-13
C00354,Sara,Joshi,sara.joshi354@example.com,9759132774.0,Chennai,2023-03-19
C00311,Tara,Singh,tara.singh311@example.com,9822378827.0,Bhubaneswar,2024-07-31
C00005,Karan,Verma,karan.verma5@example.com,9469319644.0,Bhubaneswar,2023-04-05
C00228,Anaya,Iyer,UNKNOWN,9550784243.0,Ahmedabad,2023-11-05
C00266,Priya,Reddy,priya.reddy266@example.com,9214014134.0,Kolkata,2023-05-14
C00116,Pooja,Rao,pooja.rao116@example.com,9603260608.0,Chennai,2024-08-05
C00304,Diya,Kapoor,diya.kapoor304@example.com,9535312769.0,Pune,2023-05-02
C00339,Diya,Mehta,diya.mehta339@example.com,UNKNOWN,Bhubaneswar,2023-02-04
C00040,Rahul,Das,rahul.das40@example.com,9319321646.0,Hyderabad,2024-06-19
C00245,Diya,Patel,diya.patel245@example.com,9493342201.0,Ahmedabad,2023-03-10
C00110,Anaya,Joshi,anaya.joshi110@example.com,UNKNOWN,Bengaluru,2024-08-25
C00342,Aarav,Sharma,aarav.sharma342@example.com,9117959560.0,Pune,2024-06-28
C00047,Aditya,Singh,aditya.singh47@example.com,9554811020.0,Bhubaneswar,2023-09-15
C00373,Rohan,Singh,rohan.singh373@example.com,9673772626.0,Chennai,2024-09-04
C00120,Aditya,Kapoor,aditya.kapoor120@example.com,9728492896.0,Kolkata,2024-03-28
C00157,Rahul,Reddy,rahul.reddy157@example.com,9351064359.0,Ahmedabad,2024-10-15
C00349,Aditya,Malhotra,aditya.malhotra349@example.com,9843338269.0,Kolkata,2023-02-13
C00203,Diya,Nair,diya.nair203@example.com,9196955134.0,Jaipur,2023-10-21
C00027,Rohan,Rao,rohan.rao27@example.com,9133729406.0,Bengaluru,2024-10-08
C00085,Diya,Chatterjee,diya.chatterjee85@example.com,9121882877.0,Delhi,2023-02-01
C00191,Anaya,Iyer,anaya.iyer191@example.com,UNKNOWN,Chennai,2023-05-21
C00043,Vihaan,Patel,vihaan.patel43@example.com,9496776692.0,Kolkata,2023-12-24
C00129,Aditya,Rao,aditya.rao129@example.com,9607042130.0,Jaipur,2023-10-07
C00185,Rahul,Kapoor,rahul.kapoor185@example.com,9779863265.0,Bengaluru,2024-02-15
C00377,Sneha,Das,sneha.das377@example.com,9501707828.0,Ahmedabad,2024-12-05
C00141,Nikhil,Patel,nikhil.patel141@example.com,9149382425.0,Bhubaneswar,2024-12-11
C00082,Kabir,Joshi,kabir.joshi82@example.com,9507059676.0,Kolkata,2024-04-17
C00155,Sara,Joshi,sara.joshi155@example.com,9963919401.0,Bengaluru,2024-11-23
C00333,Dev,Singh,dev.singh333@example.com,9380849661.0,Kolkata,2024-06-30
C00264,Riya,Iyer,riya.iyer264@example.com,9178354184.0,Mumbai,2024-12-02
C00104,Anaya,Sharma,anaya.sharma104@example.com,9148872110.0,Jaipur,2024-12-26
C00366,Dev,Chatterjee,dev.chatterjee366@example.com,9975610118.0,Ahmedabad,2023-12-04
C00001,Isha,Sharma,isha.sharma1@example.com,9890779946.0,Jaipur,2023-10-09
C00234,Rahul,Rao,UNKNOWN,9686277792.0,Mumbai,2023-12-07
C00226,Kabir,Chatterjee,kabir.chatterjee226@example.com,9105638424.0,Bhubaneswar,2024-12-23
C00081,Sneha,Sharma,sneha.sharma81@example.com,9129100607.0,Chennai,2024-02-08
C00064,Dev,Mehta,dev.mehta64@example.com,9561588882.0,Ahmedabad,2023-01-01
C00009,Priya,Nair,priya.nair9@example.com,9833953718.0,Ahmedabad,2023-08-03
C00236,Diya,Gupta,diya.gupta236@example.com,9144996163.0,Pune,2023-07-26
C00321,Kabir,Mehta,kabir.mehta321@example.com,9885460919.0,Ahmedabad,2023-10-24
C00051,Priya,Malhotra,priya.malhotra51@example.com,9367930513.0,Hyderabad,2023-02-10
C00024,Pooja,Reddy,pooja.reddy24@example.com,9840739735.0,Pune,2023-08-05
C00025,Dev,Kapoor,dev.kapoor25@example.com,9655742829.0,Delhi,2024-10-27
C00350,Vihaan,Sharma,vihaan.sharma350@example.com,9705064109.0,Mumbai,2023-03-18
C00176,Arjun,Reddy,arjun.reddy176@example.com,9988434627.0,Chennai,2024-04-07
C00249,Nikhil,Iyer,nikhil.iyer249@example.com,9627422192.0,Mumbai,2024-09-18
C00290,Vihaan,Rao,vihaan.rao290@example.com,9678293640.0,Jaipur,2024-05-05
C00067,Anaya,Iyer,UNKNOWN,9362897676.0,Ahmedabad,2023-07-23
C00399,Sara,Iyer,sara.iyer399@example.com,9755263618.0,Mumbai,2024-08-25
C00281,Diya,Das,diya.das281@example.com,9874364174.0,Chennai,2024-05-06
C00173,Rohan,Malhotra,rohan.malhotra173@example.com,9170525764.0,Ahmedabad,2023-03-24
C00146,Anaya,Kapoor,anaya.kapoor146@example.com,9424400672.0,Chennai,2024-03-10
C00166,Sneha,Iyer,sneha.iyer166@example.com,9350180427.0,Mumbai,2024-08-23
C00397,Sneha,Joshi,sneha.joshi397@example.com,9556506372.0,Delhi,2023-02-12
C00254,Pooja,Malhotra,pooja.malhotra254@example.com,9869801588.0,Jaipur,2023-03-30
C00109,Pooja,Das,pooja.das109@example.com,9508427798.0,Kolkata,2024-09-25
C00220,Aditya,Reddy,aditya.reddy220@example.com,9248604290.0,Bhubaneswar,2023-06-15
C00112,Rohan,Patel,rohan.patel112@example.com,9737599912.0,Bhubaneswar,2023-01-03
C00204,Dev,Singh,dev.singh204@example.com,9893410426.0,Kolkata,2024-08-17
C00274,Sneha,Gupta,sneha.gupta274@example.com,9203810954.0,Hyderabad,2024-09-30
C00033,Isha,Sharma,isha.sharma33@example.com,9200140141.0,Delhi,2024-10-29
C00184,Aarav,Patel,aarav.patel184@example.com,UNKNOWN,Mumbai,2023-10-07
C00358,Dev,Nair,dev.nair358@example.com,9430999662.0,Pune,2024-01-05
C00341,Nikhil,Nair,nikhil.nair341@example.com,9761982621.0,Kolkata,2023-03-03
C00326,Riya,Iyer,riya.iyer326@example.com,9254996504.0,Bhubaneswar,2023-08-19
C00235,Nikhil,Rao,nikhil.rao235@example.com,UNKNOWN,Kolkata,2024-05-05
C00375,Priya,Patel,UNKNOWN,9792596980.0,Chennai,2024-10-24
C00376,Karan,Chatterjee,UNKNOWN,9377818215.0,Jaipur,2024-03-16
C00002,Rohan,Das,UNKNOWN,9334760738.0,Ahmedabad,2024-03-08
C00298,Aditya,Singh,aditya.singh298@example.com,9307029662.0,Hyderabad,2023-05-18
C00168,Isha,Kapoor,UNKNOWN,9948239575.0,Ahmedabad,2023-01-27
C00250,Rohan,Singh,rohan.singh250@example.com,9970281936.0,Hyderabad,2023-06-26
C00233,Priya,Gupta,priya.gupta233@example.com,9470228863.0,Bengaluru,2023-01-17
C00189,Aditya,Verma,aditya.verma189@example.com,9828230915.0,Kolkata,2023-12-20
C00356,Sneha,Reddy,sneha.reddy356@example.com,9809391059.0,Ahmedabad,2024-03-18
C00143,Meera,Patel,meera.patel143@example.com,9765408938.0,Kolkata,2023-03-22
C00384,Aarav,Rao,aarav.rao384@example.com,9561228852.0,Delhi,2024-09-20
C00207,Nikhil,Mehta,nikhil.mehta207@example.com,9500346767.0,Chennai,2024-06-19
C00048,Aarav,Nair,aarav.nair48@example.com,9273497327.0,Jaipur,2023-05-14
C00325,Karan,Rao,karan.rao325@example.com,9504221050.0,Jaipur,2024-03-02
C00039,Dev,Verma,dev.verma39@example.com,9142672287.0,Chennai,2024-08-06
C00232,Sneha,Mehta,UNKNOWN,UNKNOWN,Chennai,2024-06-03
C00193,Rohan,Reddy,UNKNOWN,9183604337.0,Ahmedabad,2023-02-13
C00213,Aarav,Nair,aarav.nair213@example.com,9466932310.0,Kolkata,2023-11-13
C00322,Pooja,Chatterjee,pooja.chatterjee322@example.com,9253824712.0,Jaipur,2024-11-19
C00138,Pooja,Rao,pooja.rao138@example.com,9452794611.0,Jaipur,2024-02-12
C00324,Tara,Mehta,tara.mehta324@example.com,9790755362.0,Jaipur,2024-05-22
C00296,Dev,Chatterjee,dev.chatterjee296@example.com,9410812797.0,Bhubaneswar,2024-05-22
C00073,Riya,Singh,riya.singh73@example.com,9397760792.0,Jaipur,2023-09-23
C00251,Priya,Rao,priya.rao251@example.com,9422076028.0,Mumbai,2023-03-08
C00202,Vihaan,Das,vihaan.das202@example.com,9433297890.0,Bhubaneswar,2023-02-27
C00347,Dev,Reddy,dev.reddy347@example.com,UNKNOWN,Mumbai,2024-01-22
C00390,Dev,Reddy,dev.reddy390@example.com,9554234434.0,Jaipur,2024-09-02
C00127,Sara,Rao,sara.rao127@example.com,9692975437.0,Delhi,2023-06-12
C00165,Aarav,Sharma,aarav.sharma165@example.com,9945011302.0,Bengaluru,2023-12-08
C00365,Nikhil,Verma,UNKNOWN,9524871030.0,Ahmedabad,2023-05-19
C00075,Karan,Nair,karan.nair75@example.com,9348315126.0,Mumbai,2024-07-07
C00128,Isha,Singh,isha.singh128@example.com,9635126623.0,Pune,2023-05-01
C00068,Rohan,Singh,rohan.singh68@example.com,9871318048.0,Kolkata,2024-02-29
C00360,Isha,Sharma,isha.sharma360@example.com,9740942859.0,Hyderabad,2023-04-02
C00065,Karan,Singh,karan.singh65@example.com,9648868899.0,Mumbai,2024-03-28
C00336,Tara,Gupta,tara.gupta336@example.com,9507849850.0,Delhi,2023-06-06
C00142,Anaya,Nair,anaya.nair142@example.com,9670335494.0,Mumbai,2024-01-19
C00031,Diya,Reddy,diya.reddy31@example.com,9304235259.0,Mumbai,2023-12-14
